anime_id,name,genre,type,episodes,rating,members
5114,Fullmetal Alchemist: Brotherhood,"Action, Adventure, Drama, Fantasy, Magic, Military, Shounen",TV,64,9.26,793665
9253,Steins;Gate,"Sci-Fi, Thriller",TV,24,9.17,673572
820,Ginga Eiyuu Densetsu,"Drama, Military, Sci-Fi, Space",OVA,110,9.11,80679
4181,Clannad: After Story,"Drama, Fantasy, Romance, Slice of Life, Supernatural",TV,24,9.06,456749
2904,Code Geass: Hangyaku no Lelouch R2,"Action, Drama, Mecha, Military, Sci-Fi, Super Power",TV,25,8.98,572888
199,Sen to Chihiro no Kamikakushi,"Adventure, Drama, Supernatural",Movie,1,8.93,466254
1575,Code Geass: Hangyaku no Lelouch,"Action, Mecha, Military, School, Sci-Fi, Super Power",TV,25,8.83,715151
44,Rurouni Kenshin: Meiji Kenkaku Romantan - Tsuioku-hen,"Action, Drama, Historical, Martial Arts, Romance, Samurai",OVA,4,8.83,129307
1,Cowboy Bebop,"Action, Adventure, Comedy, Drama, Sci-Fi, Space",TV,26,8.82,486824
30276,One Punch Man,"Action, Comedy, Parody, Sci-Fi, Seinen, Super Power, Supernatural",TV,12,8.82,552458
164,Mononoke Hime,"Action, Adventure, Fantasy",Movie,1,8.81,339556
2001,Tengen Toppa Gurren Lagann,"Action, Adventure, Comedy, Mecha, Sci-Fi",TV,27,8.78,562962
431,Howl no Ugoku Shiro,"Adventure, Drama, Fantasy, Romance",Movie,1,8.74,333186
11741,Fate/Zero 2nd Season,"Action, Fantasy, Supernatural, Thriller",TV,12,8.73,340973
1535,Death Note,"Mystery, Police, Psychological, Supernatural, Thriller",TV,37,8.71,1013917
9989,Ano Hi Mita Hana no Namae wo Bokutachi wa Mada Shiranai.,"Drama, Slice of Life, Supernatural",TV,11,8.62,463835
26055,JoJo no Kimyou na Bouken: Stardust Crusaders 2nd Season,"Action, Adventure, Drama, Shounen, Supernatural",TV,24,8.6,93657
22535,Kiseijuu: Sei no Kakuritsu,"Action, Drama, Horror, Psychological, Sci-Fi, Seinen",TV,24,8.59,425457
28805,Bakemono no Ko,"Adventure, Supernatural",Movie,1,8.58,80825
801,Ghost in the Shell: Stand Alone Complex 2nd GIG,"Action, Mecha, Military, Mystery, Police, Sci-Fi, Seinen",TV,26,8.57,113993
10162,Usagi Drop,"Josei, Slice of Life",TV,11,8.56,194855
2251,Baccano!,"Action, Comedy, Historical, Mystery, Seinen, Supernatural",TV,13,8.54,363215
16498,Shingeki no Kyojin,"Action, Drama, Fantasy, Shounen, Super Power",TV,25,8.54,896229
10030,Bakuman. 2nd Season,"Comedy, Drama, Romance, Shounen",TV,25,8.53,151561
10087,Fate/Zero,"Action, Fantasy, Supernatural",TV,13,8.51,453630
9756,Mahou Shoujo Madoka★Magica,"Drama, Magic, Psychological, Thriller",TV,12,8.51,462974
13601,Psycho-Pass,"Action, Police, Psychological, Sci-Fi",TV,22,8.5,509109
30230,Diamond no Ace: Second Season,"Comedy, School, Shounen, Sports",TV,51,8.5,38531
205,Samurai Champloo,"Action, Adventure, Comedy, Historical, Samurai, Shounen",TV,26,8.5,390076
523,Tonari no Totoro,"Adventure, Comedy, Supernatural",Movie,1,8.48,271484
19815,No Game No Life,"Adventure, Comedy, Ecchi, Fantasy, Game, Supernatural",TV,12,8.47,602291
11771,Kuroko no Basket,"Comedy, School, Shounen, Sports",TV,25,8.46,338315
4224,Toradora!,"Comedy, Romance, School, Slice of Life",TV,25,8.45,633817
2236,Toki wo Kakeru Shoujo,"Adventure, Drama, Romance, Sci-Fi",Movie,1,8.44,289206
13759,Sakurasou no Pet na Kanojo,"Comedy, Drama, Romance, School, Slice of Life",TV,24,8.4,380375
6547,Angel Beats!,"Action, Comedy, Drama, School, Supernatural",TV,13,8.39,717796
5081,Bakemonogatari,"Mystery, Romance, Supernatural, Vampire",TV,15,8.39,482268
853,Ouran Koukou Host Club,"Comedy, Harem, Romance, School, Shoujo",TV,26,8.39,422271
6746,Durarara!!,"Action, Mystery, Supernatural",TV,24,8.38,556431
1604,Katekyo Hitman Reborn!,"Action, Comedy, Shounen, Super Power",TV,203,8.37,258103
22145,Kuroshitsuji: Book of Circus,"Comedy, Demons, Fantasy, Historical, Shounen, Supernatural",TV,10,8.37,122895
2966,Ookami to Koushinryou,"Adventure, Fantasy, Historical, Romance",TV,13,8.37,334932
43,Ghost in the Shell,"Action, Mecha, Police, Psychological, Sci-Fi, Seinen",Movie,1,8.34,223036
121,Fullmetal Alchemist,"Action, Adventure, Comedy, Drama, Fantasy, Magic, Military, Shounen",TV,51,8.33,600384
813,Dragon Ball Z,"Action, Adventure, Comedy, Fantasy, Martial Arts, Shounen, Super Power",TV,291,8.32,375662
30,Neon Genesis Evangelion,"Action, Dementia, Drama, Mecha, Psychological, Sci-Fi",TV,26,8.32,461946
6,Trigun,"Action, Comedy, Sci-Fi",TV,26,8.32,283069
6864,xxxHOLiC Rou,"Mystery, Supernatural",OVA,2,8.32,36353
1519,Black Lagoon: The Second Barrage,"Action, Seinen",TV,12,8.3,203233
2167,Clannad,"Comedy, Drama, Romance, School, Slice of Life, Supernatural",TV,23,8.3,566690
22507,Initial D Final Stage,"Cars, Seinen, Sports",TV,4,8.29,19702
7054,Kaichou wa Maid-sama!,"Comedy, Romance, School, Shoujo",TV,26,8.26,391628
2025,Darker than Black: Kuro no Keiyakusha,"Action, Mystery, Sci-Fi, Super Power",TV,25,8.25,440334
16662,Kaze Tachinu,"Drama, Historical, Romance",Movie,1,8.24,75359
30015,ReLIFE,"Romance, School, Slice of Life",TV,13,8.24,202249
18679,Kill la Kill,"Action, Comedy, School, Super Power",TV,24,8.23,508118
721,Princess Tutu,"Comedy, Fantasy, Magic, Romance",TV,38,8.23,73218
6702,Fairy Tail,"Action, Adventure, Comedy, Fantasy, Magic, Shounen",TV,175,8.22,584590
11597,Nisemonogatari,"Comedy, Mystery, Supernatural",TV,11,8.21,260062
28025,Tsukimonogatari,"Comedy, Mystery, Supernatural",TV,4,8.21,111009
6045,Kimi ni Todoke,"Romance, School, Shoujo, Slice of Life",TV,25,8.19,309339
889,Black Lagoon,"Action, Seinen",TV,12,8.17,332562
934,Higurashi no Naku Koro ni,"Horror, Mystery, Psychological, Supernatural, Thriller",TV,26,8.17,359494
731,Interstella5555: The 5tory of The 5ecret 5tar 5ystem,"Adventure, Drama, Music, Sci-Fi",Music,1,8.17,31464
20507,Noragami,"Action, Adventure, Shounen, Supernatural",TV,12,8.17,515378
223,Dragon Ball,"Adventure, Comedy, Fantasy, Martial Arts, Shounen, Super Power",TV,153,8.16,316102
25649,Junjou Romantica 3,"Comedy, Drama, Romance, Shounen Ai",TV,12,8.16,39866
17265,Log Horizon,"Action, Adventure, Fantasy, Game, Magic, Shounen",TV,25,8.14,387100
32551,Digimon Adventure tri. 3: Kokuhaku,"Action, Adventure, Comedy, Drama",Movie,1,8.13,20989
14813,Yahari Ore no Seishun Love Comedy wa Machigatteiru.,"Comedy, Drama, Romance, School",TV,13,8.12,353876
11739,Kimi to Boku. 2,"Comedy, Drama, Romance, School, Shounen, Slice of Life",TV,13,8.11,44564
1689,Byousoku 5 Centimeter,"Drama, Romance, Slice of Life",Movie,3,8.1,324035
7711,Karigurashi no Arrietty,Fantasy,Movie,1,8.1,97910
32613,Elsword: El Lady,"Action, Fantasy",ONA,12,8.11,3846
995,Prince of Tennis: The National Tournament,"Action, Comedy, Shounen, Sports",OVA,13,8.09,25170
2752,Prince of Tennis: The National Tournament Semifinals,"Action, Comedy, Sports",OVA,6,8.09,21186
3588,Soul Eater,"Action, Adventure, Comedy, Fantasy, Shounen, Supernatural",TV,51,8.08,580184
10620,Mirai Nikki (TV),"Action, Mystery, Psychological, Shounen, Supernatural, Thriller",TV,26,8.07,657190
22319,Tokyo Ghoul,"Action, Drama, Horror, Mystery, Psychological, Seinen, Supernatural",TV,12,8.07,618056
33032,Drifters: Special Edition,"Action, Adventure, Comedy, Fantasy, Historical, Samurai, Seinen",OVA,1,8.06,9807
227,FLCL,"Action, Comedy, Dementia, Mecha, Parody, Sci-Fi",OVA,6,8.06,305165
4898,Kuroshitsuji,"Action, Comedy, Demons, Fantasy, Historical, Shounen, Supernatural",TV,24,8.06,424919
849,Suzumiya Haruhi no Yuuutsu,"Comedy, Mystery, Parody, School, Sci-Fi, Slice of Life",TV,14,8.06,428569
29093,Grisaia no Meikyuu: Caprice no Mayu 0,Drama,Special,1,8.05,70039
15809,Hataraku Maou-sama!,"Comedy, Demons, Fantasy, Romance, Shounen",TV,13,8.03,409037
5630,Higashi no Eden,"Action, Comedy, Drama, Mystery, Romance, Sci-Fi, Thriller",TV,11,8.03,276593
3228,Zoku Sayonara Zetsubou Sensei,"Comedy, Parody, School",TV,13,8.03,74040
13119,Hakuouki Movie 2: Shikon Soukyuu,"Action, Drama, Historical, Josei, Samurai, Supernatural",Movie,1,8.03,9492
10012,Carnival Phantasm,"Comedy, Parody, Supernatural",OVA,12,8.01,71976
22777,Dragon Ball Kai (2014),"Action, Adventure, Comedy, Fantasy, Martial Arts, Shounen, Super Power",TV,61,8.01,42666
9088,Saiyuuki Gaiden,"Action, Adventure, Drama, Fantasy, Shoujo",OVA,3,8.01,5843
12815,Shirokuma Cafe,"Comedy, Josei, Slice of Life",TV,50,8.01,44668
1695,Les Misérables: Shoujo Cosette,"Drama, Historical, Shoujo, Slice of Life",TV,52,7.99,9605
30311,Kuroko no Basket 3rd Season NG-shuu,"Comedy, Sports",Special,9,7.98,10778
28907,"Gate: Jieitai Kanochi nite, Kaku Tatakaeri","Action, Adventure, Fantasy, Military",TV,12,7.97,244314
569,Musekinin Kanchou Tylor,"Comedy, Military, Parody, Sci-Fi, Space",TV,26,7.97,19841
890,Yuusha-Ou GaoGaiGar,"Adventure, Mecha, Sci-Fi, Shounen",TV,49,7.96,10031
269,Bleach,"Action, Comedy, Shounen, Super Power, Supernatural",TV,366,7.95,624055
14741,Chuunibyou demo Koi ga Shitai!,"Comedy, Drama, Romance, School, Slice of Life",TV,12,7.95,394399
8525,Kami nomi zo Shiru Sekai,"Comedy, Harem, Romance, Shounen, Supernatural",TV,12,7.95,284846
21339,Psycho-Pass Movie,"Action, Military, Police, Sci-Fi",Movie,1,7.95,94677
1505,Detective Conan Movie 09: Strategy Above the Depths,"Adventure, Comedy, Mystery, Police, Shounen",Movie,1,7.94,20347
16904,K: Missing Kings,"Action, Super Power, Supernatural",Movie,1,7.94,98549
2890,Gake no Ue no Ponyo,"Adventure, Fantasy",Movie,1,7.93,140277
516,Keroro Gunsou,"Comedy, Sci-Fi, Shounen",TV,358,7.93,31632
2265,Transformers the Movie,"Action, Mecha",Movie,1,7.93,6540
9919,Ao no Exorcist,"Action, Demons, Fantasy, Shounen, Supernatural",TV,25,7.92,583823
1818,Claymore,"Action, Adventure, Demons, Fantasy, Shounen, Super Power, Supernatural",TV,26,7.92,316853
4192,Hayate no Gotoku!!,"Action, Comedy, Harem, Parody, Romance",TV,25,7.92,67323
21405,Bokura wa Minna Kawaisou,"Comedy, Romance, School, Slice of Life",TV,12,7.9,159793
552,Digimon Adventure,"Action, Adventure, Comedy, Fantasy, Kids",TV,54,7.89,182208
451,InuYasha: Tenka Hadou no Ken,"Adventure, Comedy, Demons, Drama, Fantasy, Historical, Romance, Shounen, Supernatural",Movie,1,7.89,51079
80,Mobile Suit Gundam,"Action, Mecha, Military, Sci-Fi, Space",TV,43,7.89,51566
11111,Another,"Horror, Mystery, School, Supernatural, Thriller",TV,12,7.88,534657
11737,Ao no Exorcist Movie,"Action, Demons, Fantasy, Shounen, Supernatural",Movie,1,7.88,105183
18153,Kyoukai no Kanata,"Fantasy, Slice of Life, Supernatural",TV,12,7.88,359011
18397,Shingeki no Kyojin OVA,"Action, Drama, Fantasy, Shounen, Super Power",OVA,3,7.88,121063
5680,K-On!,"Comedy, Music, School, Slice of Life",TV,13,7.87,386048
2175,Kino no Tabi: The Beautiful World - Byouki no Kuni - For You,"Adventure, Drama, Fantasy",Movie,1,7.87,23453
1887,Lucky☆Star,"Comedy, Parody, School, Slice of Life",TV,24,7.87,305837
31772,One Punch Man Specials,"Action, Comedy, Parody, Sci-Fi, Seinen, Super Power, Supernatural",Special,6,7.86,75502
7305,Detective Conan Movie 10: Promo Special,"Adventure, Comedy, Mystery, Police, Shounen",Special,1,7.85,4069
226,Elfen Lied,"Action, Drama, Horror, Psychological, Romance, Seinen, Supernatural",TV,13,7.85,623511
10460,Kimi to Boku.,"Comedy, Drama, Romance, School, Shounen, Slice of Life",TV,13,7.85,86196
15315,Mondaiji-tachi ga Isekai kara Kuru Sou Desu yo?,"Comedy, Fantasy, Supernatural",TV,10,7.85,218231
1699,Romeo x Juliet,"Drama, Fantasy, Historical, Romance",TV,24,7.85,91530
22199,Akame ga Kill!,"Action, Adventure, Fantasy",TV,24,7.84,492133
6347,Baka to Test to Shoukanjuu,"Comedy, Romance, School, Super Power",TV,13,7.83,301282
11757,Sword Art Online,"Action, Adventure, Fantasy, Game, Romance",TV,25,7.83,893100
1690,Bokurano,"Drama, Mecha, Psychological, Sci-Fi",TV,24,7.82,81408
6984,Hidamari Sketch x 365 Specials,"Comedy, School, Slice of Life",Special,3,7.82,10720
13851,To LOVE-Ru Darkness OVA,"Comedy, Ecchi, Harem, Romance, School, Sci-Fi, Shounen",OVA,6,7.82,57166
6956,Working!!,"Comedy, Slice of Life",TV,13,7.82,189367
71,Full Metal Panic!,"Action, Comedy, Mecha, Military, Sci-Fi",TV,24,7.81,256325
10793,Guilty Crown,"Action, Drama, Sci-Fi, Super Power",TV,22,7.81,460959
20,Naruto,"Action, Comedy, Martial Arts, Shounen, Super Power",TV,220,7.81,683297
120,Fruits Basket,"Comedy, Drama, Fantasy, Romance, Shoujo, Slice of Life",TV,26,7.8,242553
4811,Ichigo Mashimaro Encore,"Comedy, Slice of Life",OVA,2,7.79,12790
10717,Towa no Quon 6: Towa no Quon,"Action, Super Power, Supernatural",Movie,1,7.79,18624
1008,Ranma ½ Specials,"Comedy, Drama, Romance, Shounen",OVA,2,7.78,11084
3603,JoJo no Kimyou na Bouken: Phantom Blood,"Action, Adventure, Horror, Shounen, Vampire",Movie,1,7.77,8534
464,One Piece Movie 6: Omatsuri Danshaku to Himitsu no Shima,"Adventure, Comedy, Fantasy, Shounen",Movie,1,7.77,37792
539,Tenchi Muyou! Ryououki,"Action, Comedy, Sci-Fi, Shounen, Space",OVA,6,7.77,25902
14227,Tonari no Kaibutsu-kun,"Comedy, Romance, School, Shoujo, Slice of Life",TV,13,7.77,349836
10161,No.6,"Action, Sci-Fi",TV,11,7.76,168017
24405,World Trigger,"Action, School, Sci-Fi, Shounen, Supernatural",TV,73,7.75,106872
430,Fullmetal Alchemist: The Conqueror of Shamballa,"Comedy, Drama, Fantasy, Historical, Military, Shounen",Movie,1,7.74,186465
355,Shakugan no Shana,"Action, Drama, Fantasy, Romance, School, Supernatural",TV,24,7.74,297058
1840,Zero no Tsukaima: Futatsuki no Kishi,"Action, Adventure, Comedy, Ecchi, Fantasy, Harem, Magic, Romance, School",TV,12,7.73,235684
5231,Inazuma Eleven,"Shounen, Sports, Super Power",TV,127,7.72,42677
1924,Urusei Yatsura Movie 5: Final,"Action, Adventure, Comedy, Drama, Romance, Sci-Fi",Movie,1,7.72,2783
11617,High School DxD,"Comedy, Demons, Ecchi, Harem, Romance, School",TV,12,7.7,398660
5493,Ranma ½: Akumu! Shunmin Kou,"Action, Comedy, Martial Arts, Shounen, Supernatural",OVA,1,7.7,7064
32681,Uchuu Patrol Luluco,"Action, Adventure, Comedy, Space",TV,13,7.7,50236
1579,Kiniro no Corda: Primo Passo,"Comedy, Drama, Harem, Magic, Music, Romance, School, Shoujo",TV,25,7.69,63134
4654,Toaru Majutsu no Index,"Action, Magic, Sci-Fi, Super Power",TV,24,7.69,313114
14345,Btooom!,"Action, Psychological, Sci-Fi, Seinen",TV,12,7.68,329561
11359,Dragon Ball Kai: Mirai ni Heiwa wo! Goku no Tamashii yo Eien ni,"Action, Comedy, Fantasy, Sci-Fi, Shounen, Super Power",Special,1,7.68,17166
428,Kaleido Star: Aratanaru Tsubasa - Extra Stage,"Adventure, Comedy, Drama, Shoujo",OVA,1,7.68,9248
8331,Detective Conan Magic File 4: Osaka Okonomiyaki Odyssey,"Comedy, Mystery, Police, Shounen",OVA,1,7.67,6460
27411,Ghost in the Shell (2015),"Action, Mecha, Police, Psychological, Sci-Fi",Movie,1,7.67,19872
8841,Kore wa Zombie Desu ka?,"Action, Comedy, Ecchi, Harem, Magic, Supernatural",TV,12,7.67,295782
5306,Tales of Symphonia The Animation: Tethe&#039;alla-hen,"Action, Adventure, Fantasy, Magic, Martial Arts, Shounen",OVA,4,7.67,20355
14131,Girls und Panzer,"Military, School",TV,12,7.66,104275
10020,Ore no Imouto ga Konnani Kawaii Wake ga Nai Specials,"Comedy, Seinen, Slice of Life",ONA,4,7.66,101495
2562,Shion no Ou,"Drama, Game, Mystery, Thriller",TV,22,7.66,20553
46,Rurouni Kenshin: Meiji Kenkaku Romantan - Ishinshishi e no Chinkonka,"Drama, Historical, Samurai, Shounen",Movie,1,7.65,33191
1239,Bishoujo Senshi Sailor Moon SuperS,"Drama, Magic, Romance, Shoujo",TV,39,7.64,55056
270,Hellsing,"Action, Horror, Seinen, Supernatural, Vampire",TV,13,7.64,308995
15775,Saint☆Oniisan,"Comedy, Seinen, Slice of Life",OVA,2,7.64,33668
11759,Accel World,"Action, Game, Romance, School, Sci-Fi",TV,24,7.62,324284
3165,Hidamari Sketch Specials,"Comedy, School, Slice of Life",Special,2,7.62,13334
1195,Zero no Tsukaima,"Action, Adventure, Comedy, Ecchi, Fantasy, Harem, Magic, Romance, School",TV,13,7.62,346828
11235,Amagami SS+ Plus,"Comedy, Romance, School, Slice of Life",TV,13,7.61,73813
9930,Snow Halation,Music,Music,1,7.61,8731
18497,Yozakura Quartet: Hana no Uta,"Action, Comedy, Magic, Shounen, Super Power, Supernatural",TV,13,7.61,58245
16934,Chuunibyou demo Koi ga Shitai!: Kirameki no... Slapstick Noel,"Comedy, School",Special,1,7.6,72085
3213,Ganbare Genki,"Action, Comedy, Shounen, Sports",TV,35,7.6,805
21273,Gochuumon wa Usagi Desu ka?,"Comedy, Slice of Life",TV,12,7.6,82999
5262,Shugo Chara!! Doki,"Comedy, Magic, School, Shoujo",TV,51,7.59,60384
356,Fate/stay night,"Action, Fantasy, Magic, Romance, Supernatural",TV,24,7.58,374880
5854,Shin Chou Kyou Ryo: Condor Hero III,"Action, Adventure, Drama, Historical, Romance",TV,26,7.58,1377
10719,Boku wa Tomodachi ga Sukunai,"Comedy, Ecchi, Harem, Romance, School, Seinen, Slice of Life",TV,12,7.57,325664
59,Chobits,"Comedy, Drama, Ecchi, Romance, Sci-Fi, Seinen",TV,26,7.57,266846
6231,Detective Conan Magic File 3: Shinichi and Ran - Memories of Mahjong Tiles and Tanabata,"Mystery, Shounen",OVA,1,7.57,7187
64,Rozen Maiden,"Action, Comedy, Drama, Magic, Seinen",TV,12,7.57,128688
5244,Aria The Natural: Sono Futatabi Deaeru Kiseki ni...,"Fantasy, Sci-Fi, Shounen, Slice of Life",Special,1,7.56,10069
24655,Date A Live Movie: Mayuri Judgment,"Harem, Romance, Sci-Fi",Movie,1,7.56,48673
7877,"Momoko, Kaeru no Uta ga Kikoeru yo.","Drama, School, Slice of Life",Movie,1,7.56,1113
15201,Code Geass: Boukoku no Akito 4 - Nikushimi no Kioku Kara,"Action, Mecha, Military",Movie,1,7.55,39669
6783,ef: A Tale of Memories. - Recollections,"Drama, Mystery, Romance",Special,1,7.55,9125
5538,Tegamibachi: Hikari to Ao no Gensou Yawa,"Adventure, Fantasy, Shounen, Slice of Life, Supernatural",Special,1,7.55,10903
23359,Code Geass: Boukoku no Akito 2 - Hikisakareshi Yokuryuu Picture Drama,"Action, Comedy, Military",Special,1,7.54,7542
5096,Doraemon Movie 28: Nobita to Midori no Kyojin Den,"Adventure, Comedy, Fantasy, Kids, Shounen",Movie,1,7.54,1651
3199,Nanatsu no Umi no Tico,"Adventure, Slice of Life",TV,39,7.54,2123
29786,Shimoneta to Iu Gainen ga Sonzai Shinai Taikutsu na Sekai,"Comedy, Ecchi, School",TV,12,7.53,193822
10798,UN-GO,"Mystery, Supernatural",TV,11,7.53,84499
4752,Vampire Knight Guilty,"Drama, Mystery, Romance, Shoujo, Supernatural, Vampire",TV,13,7.53,198492
28771,Yu☆Gi☆Oh!: The Dark Side of Dimensions,"Adventure, Game, Shounen",Movie,1,7.53,10263
142,Kamikaze Kaitou Jeanne,"Adventure, Comedy, Demons, Drama, Fantasy, Magic, Mystery, Romance, Shoujo",TV,44,7.52,31081
167,Scrapped Princess,"Adventure, Comedy, Drama, Fantasy, Mecha, Sci-Fi, Shounen",TV,24,7.52,54575
27899,Tokyo Ghoul √A,"Action, Drama, Horror, Mystery, Psychological, Seinen, Supernatural",TV,12,7.52,408357
489,Kamichu!,"Comedy, Drama, Slice of Life, Supernatural",TV,12,7.51,33053
1577,Taiho Shichau zo,"Action, Comedy, Police, Seinen",OVA,4,7.51,8557
399,Seikai no Senki Special,"Action, Military, Romance, Sci-Fi, Space",Special,1,7.5,2216
1878,Kaze no Shoujo Emily,"Drama, Historical, Shoujo",TV,26,7.49,2881
1238,One Piece: Mamore! Saigo no Dai Butai,"Adventure, Comedy, Fantasy, Shounen",Special,1,7.49,16495
8769,Ore no Imouto ga Konnani Kawaii Wake ga Nai,"Comedy, Seinen, Slice of Life",TV,12,7.49,321477
6572,Shakugan no Shana S,"Action, Drama, Fantasy, Romance, School, Supernatural",OVA,4,7.49,53129
23725,Strike Witches: Operation Victory Arrow,"Action, Ecchi, Magic, Military, Sci-Fi",OVA,3,7.49,11203
1146,Tenchi Muyou! Ryououki: Omatsuri Zenjitsu no Yoru!,"Comedy, Harem, Romance, Sci-Fi, Shounen",OVA,1,7.49,8812
15927,Carnival Phantasm: HibiChika Special,"Comedy, Supernatural",Special,1,7.48,14893
6880,Deadman Wonderland,"Action, Horror, Sci-Fi",TV,12,7.48,453454
9938,Ikoku Meiro no Croisée The Animation,"Historical, Seinen, Slice of Life",TV,12,7.48,38652
17643,Little Busters!: Sekai no Saitou wa Ore ga Mamoru!,"Comedy, School, Slice of Life",OVA,1,7.48,17204
2978,Shin Getter Robo,"Action, Adventure, Demons, Horror, Mecha, Sci-Fi, Shounen",OVA,13,7.48,4603
8726,Soredemo Machi wa Mawatteiru,"Comedy, Slice of Life",TV,12,7.48,31906
2125,Yuu☆Yuu☆Hakusho: Eizou Hakusho,"Action, Adventure, Shounen, Supernatural",OVA,2,7.48,6352
7337,"Hetalia Axis Powers Movie: Paint it, White","Comedy, Historical, Parody",Movie,1,7.47,36986
5593,Dogs: Bullets &amp; Carnage,"Action, Seinen",OVA,4,7.46,44826
551,Grappler Baki: Saidai Tournament-hen,"Action, Martial Arts, Shounen, Sports",TV,24,7.46,13584
8074,Highschool of the Dead,"Action, Ecchi, Horror, Supernatural",TV,12,7.46,535892
19251,Uta no☆Prince-sama♪ Maji Love 2000%: Shining Star Xmas,"Comedy, Harem, Music, Romance, School, Shoujo",Special,1,7.46,13903
15109,Cuticle Tantei Inaba,"Action, Comedy, Mystery, Shounen, Supernatural",TV,12,7.45,50019
30300,"High School DxD New: Oppai, Tsutsumimasu!","Comedy, Demons, Ecchi, Romance, School",OVA,1,7.45,41436
168,s.CRY.ed,"Action, Adventure, Drama, Sci-Fi, Super Power",TV,26,7.45,52784
2107,One Piece Movie 8: Episode of Alabasta - Sabaku no Oujo to Kaizoku-tachi,"Action, Adventure, Fantasy, Shounen",Movie,1,7.44,31909
22433,Break Blade,"Action, Fantasy, Mecha, Military, Shounen",TV,12,7.43,46601
6401,ef: A Tale of Melodies. - Prologue,Music,Special,1,7.43,13745
4437,Naruto: Shippuuden Movie 2 - Kizuna,"Action, Martial Arts, Shounen, Supernatural",Movie,1,7.43,97818
2182,Robot Carnival,"Fantasy, Sci-Fi",OVA,1,7.43,7213
4663,Tekken Chinmi,"Action, Adventure, Historical, Martial Arts, Shounen",TV,20,7.43,1833
2677,Doraemon Movie 11: Nobita to Animal Planet,"Adventure, Comedy, Fantasy, Kids, Sci-Fi, Shounen",Movie,1,7.42,1581
10638,Denpa Onna to Seishun Otoko Special,"Comedy, Sci-Fi, Seinen",Special,1,7.41,34723
287,Grappler Baki (TV),"Shounen, Sports",TV,24,7.41,23220
541,Tenchi Muyou! Ryououki 3rd Season,"Action, Comedy, Harem, Sci-Fi, Shounen, Space",OVA,6,7.41,12242
21395,Crayon Shin-chan Movie 22: Gachinko! Gyakushuu no Robo To-chan,"Comedy, Kids, Shounen",Movie,1,7.4,704
1196,Masuda Kousuke Gekijou Gag Manga Biyori,"Comedy, Parody",TV,12,7.4,5423
15963,Seitokai no Ichizon Lv.2: Watasu Seitokai,"Comedy, Harem, Parody, School",OVA,1,7.4,11554
3457,Vampire Knight,"Drama, Mystery, Romance, Shoujo, Supernatural, Vampire",TV,13,7.4,286826
1858,Gakuen Utopia Manabi Straight!,"Comedy, School, Slice of Life",TV,12,7.38,19315
2152,Oh! Edo Rocket,"Comedy, Drama, Fantasy, Historical, Sci-Fi",TV,26,7.38,8221
10825,Ranma ½: Battle ga Ippai 29-nin no Korinai Yatsura,"Comedy, Martial Arts, Slice of Life",OVA,1,7.38,2242
2670,Doraemon Movie 12: Nobita no Dorabian Nights,"Adventure, Comedy, Fantasy, Kids, Shounen",Movie,1,7.37,1833
22013,Ghost in the Shell: Nyuumon Arise,Comedy,TV,26,7.37,4636
9332,.hack//Quantum,"Action, Adventure, Fantasy, Game, Sci-Fi",OVA,3,7.36,26163
16035,Karneval (TV),"Action, Fantasy, Mystery, Sci-Fi, Shoujo",TV,13,7.36,108174
190,Love Hina Again,"Comedy, Drama, Ecchi, Romance, Shounen",OVA,3,7.36,61154
1609,Mai-Otome Zwei,"Action, Magic",OVA,4,7.36,14615
31918,Owari no Seraph: Nagoya Kessen-hen - Owaranai Seraph - Nagoya Kessen-hen,"Comedy, Parody, Shounen",Special,4,7.36,11400
16868,Sukitte Ii na yo.: Dareka ga,"Romance, School, Shoujo",OVA,1,7.36,27802
9241,Super Robot Taisen OG: The Inspector,"Action, Mecha, Sci-Fi, Space",TV,26,7.35,5962
21881,Sword Art Online II,"Action, Adventure, Fantasy, Game, Romance",TV,24,7.35,537892
9120,Beelzebub: Hirotta Akachan wa Daimaou!?,"Action, Comedy, Demons, School, Shounen, Supernatural",Special,1,7.34,21212
4550,Hyakko,"Comedy, School, Slice of Life",TV,13,7.34,33112
3455,To LOVE-Ru,"Comedy, Ecchi, Harem, Romance, School, Sci-Fi",TV,26,7.34,237563
32323,Aishen Qiaokeli-ing...,"Comedy, Harem, Romance, School",ONA,15,7.33,11936
2667,Doraemon Movie 04: Nobita no Kaitei Kiganjou,Fantasy,Movie,1,7.33,1168
15711,Bakuman.: Deraman.,"Comedy, School, Shounen",Special,2,7.32,7962
6016,Kyoushoku Soukou Guyver (1989),"Action, Horror, Sci-Fi, Super Power",OVA,6,7.32,6090
1774,HeatGuy J Special,"Action, Adventure, Mecha, Police, Sci-Fi",Special,1,7.3,1675
1358,Hokuto no Ken Movie,"Adventure, Sci-Fi, Shounen",Movie,1,7.3,9328
1847,Rec: Yurusarezarumono,"Comedy, Drama, Romance",Special,1,7.3,16654
11341,Tantei Opera Milky Holmes Dai 2 Maku,"Comedy, Mystery, Super Power",TV,12,7.3,11941
6169,Tenjou-jin to Akuto-jin Saigo no Tatakai,"Action, Fantasy, Magic, Super Power, Supernatural",Movie,1,7.3,5223
6460,Crayon Shin-chan Movie 05: Ankoku Tamatama Daitsuiseki,"Comedy, Ecchi, Kids, School, Shounen, Slice of Life",Movie,1,7.29,1640
2123,Digimon X-Evolution,"Action, Adventure, Fantasy, Sci-Fi",Movie,1,7.29,12449
2947,Ojamajo Doremi Sharp Movie,"Kids, Magic, Shoujo",Movie,1,7.29,2037
16742,Watashi ga Motenai no wa Dou Kangaetemo Omaera ga Warui!,"Comedy, School, Shounen, Slice of Life",TV,12,7.29,257925
4382,Suzumiya Haruhi no Yuuutsu (2009),"Comedy, Mystery, Parody, Romance, School, Sci-Fi, Slice of Life",TV,14,7.28,243448
5019,Lupin III: Sweet Lost Night - Mahou no Lamp wa Akumu no Yokan,"Adventure, Comedy, Shounen",Special,1,7.27,2338
10686,Naruto: Honoo no Chuunin Shiken! Naruto vs. Konohamaru!!,"Action, Adventure, Martial Arts, Shounen, Super Power",Movie,1,7.27,30378
4705,Tengen Toppa Gurren Lagann: Parallel Works,Music,Music,8,7.27,22213
9645,Be-Bop Highschool,"Comedy, School, Seinen",OVA,7,7.26,1180
380,Fushigi Yuugi OVA,"Adventure, Comedy, Fantasy, Historical, Romance, Shoujo",OVA,3,7.26,14863
3299,H2O: Footprints in the Sand,"Harem, Romance, School",TV,12,7.26,64975
23153,Hayate no Gotoku! OVA,"Comedy, Harem, Parody, Romance, Shounen",OVA,3,7.26,6001
1132,Digimon Frontier,"Action, Adventure, Comedy, Drama, Fantasy, Shounen",TV,50,7.25,74929
12419,Guilty Crown Kiseki: Reassortment,"Action, Sci-Fi, Super Power",Special,1,7.25,21388
13161,Hagure Yuusha no Aesthetica,"Action, Ecchi, Fantasy, Super Power",TV,12,7.25,156044
1417,Lupin III: Moeyo Zantetsuken!,"Action, Adventure, Comedy, Shounen",Special,1,7.25,3456
30014,Momokuri,"Comedy, Romance, Slice of Life",ONA,26,7.25,26147
1493,Project ARMS: The 2nd Chapter,"Action, Fantasy, Martial Arts, School, Super Power",TV,26,7.25,3368
31145,Code Geass: Boukoku no Akito 3 - Kagayaku Mono Ten yori Otsu Picture Drama,"Comedy, Military",Special,1,7.24,3310
911,Konjiki no Gash Bell!!: Mecha Vulkan no Raishuu,"Adventure, Shounen, Supernatural",Movie,1,7.24,3630
8917,Mouretsu Pirates,"Sci-Fi, Space",TV,26,7.24,48245
13171,Wasurenagumo,"Comedy, Supernatural",Movie,1,7.24,18000
4200,Dirty Pair OVA,"Adventure, Comedy, Police, Sci-Fi",OVA,10,7.23,2783
22583,Uchuu Kyoudai: Number Zero,"Comedy, Sci-Fi, Seinen, Slice of Life, Space",Movie,1,7.22,2657
22677,Appleseed Alpha,"Action, Adventure, Mecha, Military, Police, Sci-Fi",Movie,1,7.22,8048
20649,Kimi no Iru Machi OVA,"Drama, Romance, Slice of Life",OVA,2,7.21,9866
4926,Marco: Haha wo Tazunete Sanzenri,"Adventure, Drama",Movie,1,7.21,1060
30290,Fw:Hamatora,"Comedy, Mystery, Super Power",Movie,1,7.2,3718
729,Hiatari Ryoukou!,"Comedy, Romance, School, Sports",TV,48,7.2,1527
16890,Makai Ouji: Devils and Realist,"Comedy, Demons, Fantasy, Historical, Mystery, School, Shoujo, Supernatural",TV,12,7.2,59819
24171,Mushibugyou OVA,"Action, Fantasy, Historical, Martial Arts, Samurai, Shounen, Super Power",OVA,3,7.2,3636
1564,Pokemon Advanced Generation,"Action, Adventure, Comedy, Fantasy, Kids",TV,192,7.2,67386
478,Sousei no Aquarion,"Action, Mecha, Romance, Sci-Fi, Super Power, Supernatural",TV,26,7.2,46647
1555,Tokimeki Memorial: Only Love,"Comedy, Harem, Romance, School",TV,25,7.2,24691
568,Bubblegum Crisis Tokyo 2040,"Adventure, Mecha, Sci-Fi, Shounen",TV,26,7.19,20079
2907,Cyborg Kuro-chan,"Comedy, Sci-Fi",TV,66,7.18,3188
32801,Dungeon ni Deai wo Motomeru no wa Machigatteiru Darou ka OVA,"Action, Adventure, Comedy, Fantasy, Romance",OVA,1,7.18,23370
8206,Hime Chen! Otogi Chikku Idol Lilpri,"Magic, Shoujo",TV,51,7.18,6118
7066,Mahoromatic: I&#039;m Home!,"Comedy, Ecchi, Romance, Sci-Fi",Special,2,7.18,5760
10351,Tenchi Muyou! Ryououki 2nd Season Picture Drama,"Comedy, Sci-Fi, Shounen, Space",Special,1,7.18,3626
5978,Kannagi: Moshimo Kannagi ga Attara...,"Comedy, School, Shounen, Supernatural",Special,1,7.17,22155
252,Madlax,"Drama, Magic, Military, Mystery, Psychological, Shounen, Supernatural",TV,26,7.17,25995
31404,Netoge no Yome wa Onnanoko ja Nai to Omotta?,"Comedy, Ecchi, Game, Romance, School",TV,12,7.17,137102
20673,Hinata no Aoshigure,"Adventure, Fantasy, Romance",Movie,1,7.16,6970
24211,Orenchi no Furo Jijou,"Comedy, Fantasy, Shoujo",TV,13,7.15,47157
1118,Pokemon: Kesshoutou no Teiou Entei,"Action, Adventure, Comedy, Drama, Fantasy, Kids",Movie,1,7.16,73253
22663,Seiken Tsukai no World Break,"Action, Fantasy, Harem, Romance, School, Supernatural",TV,12,7.16,97401
32013,Oshiete! Galko-chan,"Comedy, School, Slice of Life",TV,12,7.15,45778
1207,Wata no Kuni Hoshi,"Drama, Fantasy, Psychological, Romance, Shoujo",Movie,1,7.15,1835
30544,Gakusen Toshi Asterisk,"Action, Comedy, Ecchi, Fantasy, Harem, Romance, School, Sci-Fi, Supernatural",TV,12,7.14,168657
2151,Nils no Fushigi na Tabi,"Adventure, Fantasy, Kids",TV,52,7.14,2702
2993,Rosario to Vampire,"Comedy, Ecchi, Fantasy, Harem, Romance, School, Shounen, Vampire",TV,13,7.14,299278
9041,IS: Infinite Stratos,"Action, Comedy, Harem, Mecha, Sci-Fi",TV,12,7.12,254543
32553,Nisekoi: OVA,"Comedy, Harem, Romance, School, Shounen",OVA,2,7.12,17022
14653,Hayate no Gotoku! Can&#039;t Take My Eyes Off You,"Comedy, Harem, Parody, Shounen",TV,12,7.11,31435
6946,Mudazumo Naki Kaikaku: The Legend of Koizumi,"Comedy, Game, Parody, Seinen",OVA,3,7.11,8682
11487,Sekiranun Graffiti,Music,Music,1,7.11,4014
27509,Toaru Majutsu no Index 10th Anniversary PV,"Action, Comedy, Magic, Sci-Fi, Super Power",Special,1,7.11,5052
1953,Code Geass: Hangyaku no Lelouch Picture Drama,"Comedy, School, Slice of Life",Special,9,7.1,33004
8234,Muumin,"Adventure, Comedy, Fantasy, Slice of Life",TV,65,7.1,2090
1122,Pokemon Advanced Generation: Rekkuu no Houmonsha Deoxys,"Action, Adventure, Comedy, Fantasy, Kids, Sci-Fi",Movie,1,7.1,45203
4026,Pokemon Diamond &amp; Pearl: Giratina to Sora no Hanataba Sheimi,"Action, Adventure, Fantasy, Kids",Movie,1,7.1,32654
24261,Hitsugi no Chaika OVA,"Action, Adventure, Comedy, Fantasy, Shounen",OVA,1,7.09,20605
28257,Youkai Watch Movie 2: Enma Daiou to Itsutsu no Monogatari da Nyan!,"Comedy, Kids, Supernatural",Movie,1,7.1,560
14913,Battle Spirits: Sword Eyes,"Action, Shounen",TV,29,7.09,987
20045,IS: Infinite Stratos 2 - Hitonatsu no Omoide,"Action, Comedy, Harem, Mecha, Sci-Fi",OVA,1,7.08,27030
5039,Kurozuka,"Action, Drama, Historical, Horror, Romance, Sci-Fi, Vampire",TV,12,7.08,52145
1584,Stratos 4 Advance Kanketsu-hen,"Comedy, Military, Sci-Fi",OVA,2,7.08,1876
3419,Sumomomo Momomo: Chijou Saikyou no Yome Specials,"Comedy, Ecchi, Martial Arts, Romance",Special,2,7.08,7082
2706,Bakusou Kyoudai Let&#039;s &amp; Go WGP,"Cars, Shounen, Sports",TV,51,7.07,2378
31196,Cardfight!! Vanguard G: GIRS Crisis-hen,"Action, Game, Shounen",TV,26,7.07,3060
127,Gate Keepers,"Action, Comedy, Fantasy, Mecha, Sci-Fi, Shounen",TV,24,7.07,14582
3281,Kinnikuman: Kinnikusei Oui Soudatsu-hen,"Action, Comedy, Shounen, Sports",TV,46,7.06,676
31374,Shingeki! Kyojin Chuugakkou,"Comedy, Parody, School, Shounen",TV,12,7.06,52928
32409,Shinmai Maou no Testament Burst Specials,"Comedy, Demons, Ecchi",Special,5,7.06,3495
1897,Zettai Muteki Raijin-Oh,"Adventure, Mecha, School, Sci-Fi, Shounen",TV,51,7.06,592
870,Dragon Half,"Comedy, Fantasy, Parody",OVA,2,7.05,11596
2749,Heisei Inu Monogatari Bow,"Adventure, Comedy",TV,40,7.05,428
1489,Renkin San-kyuu Magical? Pokaan Specials,"Comedy, Ecchi, Magic, Parody, Vampire",Special,3,7.05,4684
789,Shinigami no Ballad.,"Drama, Fantasy, Psychological, Supernatural",TV,6,7.05,32297
3359,Amatsuki,"Action, Fantasy, Historical, Shoujo, Supernatural",TV,13,7.04,41920
17827,Daitoshokan no Hitsujikai,"Harem, Romance, School",TV,12,7.04,46874
28221,Etotama,"Action, Comedy, Fantasy",TV,12,7.04,36463
33606,One Piece Film: Gold Episode 0 - 711 ver.,"Action, Adventure, Comedy, Fantasy, Shounen, Super Power",Special,1,7.04,4166
971,Astro Boy: Tetsuwan Atom,"Action, Adventure, Kids, Mecha, Sci-Fi, Shounen, Super Power",TV,50,7.02,9331
1668,Bakuten Shoot Beyblade G Revolution,"Action, Adventure, Comedy, Sci-Fi, Shounen, Sports",TV,52,7.02,22429
126,Futakoi Alternative,"Comedy, Drama, Romance",TV,13,7.02,21516
2201,Pokemon Advanced Generation: Pokemon Ranger to Umi no Ouji Manaphy,"Action, Adventure, Drama, Fantasy, Kids",Movie,1,7.02,34055
4332,Seigi wo Aisuru Mono Gekkou Kamen,"Action, Mystery",TV,39,7.01,282
11837,Zetman,"Action, Drama, Horror, Romance, Sci-Fi, Seinen, Supernatural",TV,13,7.01,65633
33546,Monster Strike: Mermaid Rhapsody,"Action, Fantasy, Game",ONA,1,7.0,854
2274,CLAMP in Wonderland,Music,Music,1,6.99,12267
13247,Lupin III: Lupin Ikka Seizoroi,"Adventure, Comedy, Shounen",Special,1,6.99,1462
1648,UFO Princess Valkyrie 4: Toki to Yume to Ginga no Utage,"Comedy, Romance, Sci-Fi",OVA,2,6.99,3993
812,Chikyuu Shoujo Arjuna,"Adventure, Drama, Magic, Sci-Fi",TV,13,6.98,17520
1804,Koko wa Green Wood,"Comedy, Drama, Romance, Shoujo, Slice of Life, Supernatural",OVA,6,6.97,4176
1956,Ikkitousen: Dragon Destiny,"Action, Ecchi, Martial Arts, School, Super Power",TV,12,6.96,47117
20745,Love Live! School Idol Project OVA,"Music, School, Slice of Life",OVA,1,6.96,21188
20473,Teekyuu 3,"Comedy, School, Shounen, Sports",TV,12,6.96,13227
8023,Toaru Kagaku no Railgun: Motto Marutto Railgun,Comedy,Special,2,6.96,26302
743,Umi ga Kikoeru,"Drama, Romance, School, Slice of Life",Special,1,6.96,25671
22057,"Inari, Konkon, Koi Iroha.: Inari, Konkon, Semishigure.","Comedy, Romance, Seinen, Supernatural",OVA,1,6.95,12930
11079,Kill Me Baby,"Comedy, School, Seinen",TV,13,6.95,54288
1517,Silent Mobius,"Action, Comedy, Drama, Fantasy, Horror, Magic, Romance, Sci-Fi",TV,26,6.95,7664
2316,Akakichi no Eleven,Sports,TV,52,6.93,957
509,I My Me! Strawberry Eggs,"Comedy, Drama, Romance, School, Slice of Life",TV,13,6.93,25043
4066,Tytania,"Adventure, Military, Psychological, Romance, Sci-Fi, Space",TV,26,6.93,13363
4936,Ninja Hattori-kun,"Comedy, Martial Arts, Slice of Life",TV,694,6.92,2116
13287,Galaxy Angel Specials,"Comedy, Sci-Fi",Special,2,6.91,1105
649,Hanaukyou Maid-tai: La Verite,"Comedy, Ecchi, Harem, Romance",TV,12,6.91,14069
15609,"Kono Naka ni Hitori, Imouto ga Iru!: Ani, Imouto, Koibito","Comedy, Ecchi, Harem, Romance, School, Seinen",OVA,1,6.91,21636
6741,Makai Senki Disgaea: Welcome to Netherworld,"Action, Comedy, Demons, Fantasy, Magic",Special,1,6.91,3415
2884,Aachi wa Ssipak,"Action, Comedy",Movie,1,6.9,5566
2178,Highlander: The Search for Vengeance,"Action, Horror, Sci-Fi",Movie,1,6.9,9997
4073,Kyouryuu Daisensou Aizenborg,"Action, Mecha",TV,39,6.9,411
13201,Monster Farm: Legend e no Michi,"Action, Adventure, Comedy, Fantasy",TV,25,6.9,6611
21325,Pupipo!,"Comedy, School, Slice of Life, Supernatural",TV,15,6.9,12781
1127,UFO Princess Valkyrie,"Comedy, Ecchi, Magic, Sci-Fi",TV,12,6.9,11794
3288,Gundam Evolve,"Action, Mecha, Military, Space",OVA,15,6.89,6128
296,Dragon Drive,"Action, Adventure, Comedy, Fantasy, School, Sci-Fi, Shounen",TV,38,6.88,14232
12461,Hiiro no Kakera,"Fantasy, Romance, Shoujo, Supernatural",TV,13,6.88,55031
28835,Tesagure! Bukatsumono Spin-off Purupurun Sharumu to Asobou,"Parody, School, Slice of Life",TV,12,6.88,2007
8648,Break Blade Picture Drama,"Comedy, Fantasy",Special,6,6.87,4712
2598,Juusenki L-Gaim,"Action, Adventure, Drama, Mecha, Sci-Fi, Shounen, Space",TV,54,6.87,2211
25897,Love Live! School Idol Project: μ&#039;s →NEXT LoveLive! 2014 - Endless Parade Makuai Drama,Comedy,Special,3,6.87,5282
7016,Senjou no Valkyria: SenVal Theater,Comedy,Special,9,6.87,8006
1550,Attack No.1,"Drama, Shoujo, Sports",TV,104,6.85,3676
10036,Boku no Chikyuu wo Mamotte: Kiniro no Toki Nasarete,"Drama, Music, Romance, Sci-Fi, Shoujo",Special,1,6.85,610
8365,Crayon Shin-chan Movie 13: Densetsu wo Yobu Buriburi 3 Pun Dai Shingeki,"Comedy, Ecchi, Kids, School, Shounen, Slice of Life",Movie,1,6.85,1001
18053,Koi to Senkyo to Chocolate: Ikenai Hazuki-sensei,"Drama, Romance, School",Special,1,6.85,3526
10114,Nintama Rantarou Movie: Ninjutsu Gakuen Zenin Shutsudou! no Dan,"Comedy, Shounen",Movie,1,6.85,297
924,Transformers: Choujin Master Force,"Adventure, Mecha, Sci-Fi, Shounen",TV,47,6.85,1574
10582,Astarotte no Omocha! EX,"Comedy, Demons, Ecchi, Fantasy, Romance, Seinen",OVA,1,6.83,20824
13173,Puka Puka Juju,"Fantasy, Slice of Life",Movie,1,6.82,3621
6500,Seikon no Qwaser,"Action, Ecchi, Seinen, Super Power, Supernatural",TV,24,6.82,145592
1043,Tokyo Babylon,"Action, Magic, Mystery, Supernatural",OVA,2,6.82,11730
15431,Natsu-iro Kiseki: 15-kaime no Natsuyasumi,Slice of Life,OVA,1,6.81,5295
21177,Nobunaga the Fool,"Action, Historical, Mecha, Sci-Fi",TV,24,6.81,59815
4101,Wan Wan Celepoo Soreyuke! Tetsunoshin,"Comedy, Fantasy, Kids",TV,51,6.81,432
17731,Ketsuekigata-kun!,Comedy,TV,12,6.79,6331
29855,Meiji Tokyo Renka Movie: Yumihari no Serenade,"Fantasy, Harem, Romance, Shoujo",Movie,1,6.79,5745
3438,Moero! Top Striker,"Action, Shounen, Sports",TV,49,6.79,2072
9107,Pokemon Best Wishes!,"Action, Adventure, Comedy, Fantasy, Kids",TV,84,6.78,33730
14093,Pokemon Best Wishes! Season 2,"Action, Adventure, Comedy, Fantasy, Kids",TV,24,6.78,19603
30625,Princess Princess Specials,"Comedy, School, Shoujo",Special,12,6.75,687
33046,B-Project: Kodou＊Ambitious,"Music, Shoujo",TV,12,6.77,17506
2495,Chance Triangle Session,"Drama, Music, Slice of Life",TV,13,6.77,3005
9515,Highschool of the Dead: Drifters of the Dead,"Comedy, Ecchi, Supernatural",OVA,1,6.77,140501
148,Kita e.: Diamond Dust Drops,"Drama, Romance, Slice of Life",TV,12,6.77,5736
1822,The Hakkenden,"Action, Adventure, Demons, Historical, Martial Arts, Samurai, Shounen",OVA,6,6.77,4085
6008,Jewelpet,"Fantasy, Magic, Shoujo",TV,52,6.76,4197
2911,Kyoushirou to Towa no Sora Specials,"Drama, Magic, Romance, Shounen",Special,6,6.76,3946
24991,No Game No Life Specials,"Ecchi, Fantasy, Game",Special,6,6.76,58997
12699,Tales of Gekijou,Comedy,Special,5,6.76,2853
7591,Tono to Issho,"Comedy, Historical, Parody, Samurai, Seinen",OVA,1,6.76,2888
2627,Doraemon: It&#039;s New Year!,"Comedy, Kids, Sci-Fi, Shounen",Special,1,6.75,476
3388,Majokko Megu-chan,"Magic, Shoujo",TV,72,6.75,1139
24075,Persona 4 the Golden Animation,"Adventure, Mystery, School, Sci-Fi, Super Power, Supernatural",TV,12,6.75,39165
2467,3 Choume no Tama: Uchi no Tama Shirimasenka?,Adventure,TV,35,6.74,967
1998,Amazing Nuts!,"Adventure, Music, Police, Romance, Sci-Fi",Music,4,6.74,6650
2641,Doraemon: It&#039;s Winter!,"Adventure, Comedy, Fantasy, Kids, Shounen",Special,1,6.74,485
2644,Doraemon: Treasure of the Shinugumi Mountain,"Adventure, Comedy, Fantasy, Kids, Shounen",Special,1,6.74,405
2290,Superflat Monogram,"Adventure, Fantasy",Special,1,6.74,4889
10490,Blood-C,"Action, Horror, School, Supernatural, Vampire",TV,12,6.73,118553
31636,Dagashi Kashi,"Comedy, Shounen, Slice of Life",TV,12,6.73,145468
31617,Ghost in the Shell: The New Movie Virtual Reality Diver,"Police, Sci-Fi, Seinen",Special,1,6.73,2575
6728,Helen Keller Monogatari: Ai to Hikari no Tenshi,Drama,Movie,1,6.73,285
1296,Project A-Ko 2: Daitokuji Zaibatsu no Inbou,"Action, Comedy, Mecha, Sci-Fi, Super Power",OVA,1,6.73,2876
3915,Time Bokan,"Adventure, Comedy, Mecha",TV,61,6.73,835
497,Yami to Boushi to Hon no Tabibito,"Adventure, Ecchi, Fantasy, Magic, Mystery, Shoujo Ai",TV,13,6.73,19237
225,Dragon Ball GT,"Action, Adventure, Comedy, Fantasy, Magic, Sci-Fi, Shounen, Super Power",TV,64,6.72,226625
4199,Entaku no Kishi Monogatari: Moero Arthur,"Adventure, Drama, Historical, Romance",TV,30,6.72,608
2733,Mobile Police Patlabor: MiniPato,Parody,OVA,3,6.72,1831
5529,Pokemon: Odoru Pokemon Himitsu Kichi,"Comedy, Fantasy, Kids",Movie,1,6.72,5846
10308,Sengoku Otome: Momoiro Paradox,"Action, Comedy, Historical, Samurai, Sci-Fi, Super Power",TV,13,6.71,27080
6511,Beast Wars Neo,"Action, Adventure, Mecha, Shounen, Super Power",TV,35,6.69,1366
8248,Soukou Kihei Votoms: Case; Irvine,"Action, Drama, Mecha, Military, Sci-Fi",OVA,1,6.69,1710
925,Transformers Headmasters,"Adventure, Mecha, Sci-Fi, Shounen",TV,35,6.69,1768
6137,Tsuki no Waltz,Music,Music,1,6.69,1499
6383,Chargeman Ken!,"Action, Adventure, Sci-Fi, Shounen",TV,65,6.68,427
289,Comic Party,"Comedy, Drama",TV,13,6.68,12988
10016,Kizuna Ichigeki,"Comedy, Martial Arts",Movie,1,6.68,4128
1085,Interlude,"Adventure, Horror, Mystery",OVA,3,6.67,7573
8598,Yuki,"Adventure, Demons, Fantasy",Movie,1,6.67,408
21599,Fight Ippatsu! Juuden-chan!! OVA,"Comedy, Ecchi, Sci-Fi",OVA,1,6.66,1285
4640,Maroko,"Comedy, Sci-Fi",Movie,1,6.66,353
5883,Examurai Sengoku,"Action, Martial Arts, Samurai, Sci-Fi",TV,24,6.65,2701
19271,Gekitou! Crush Gear Turbo: Kaizabaan no Chousen,"Shounen, Sports",Movie,1,6.65,273
4792,Pokemon: Pikachu Tankentai,"Adventure, Comedy, Fantasy, Kids",Movie,1,6.65,13702
125,Futakoi,"Comedy, Romance, School",TV,13,6.64,23968
4013,Paul no Miracle Daisakusen,"Action, Adventure, Kids",TV,51,6.64,413
2031,Shining Tears X Wind,"Action, Adventure, Fantasy, Magic",TV,13,6.64,23477
6885,Sora no Manimani Specials,"Comedy, School, Slice of Life",Special,3,6.64,4444
684,Tenshi no Shippo Chu!,"Fantasy, Magic, Romance",TV,11,6.64,3674
9531,Tezuka Osamu Monogatari: Boku wa Son Gokuu,Adventure,Special,1,6.64,244
6375,Kagaku Ninja-tai Gatchaman F,"Action, Adventure, Sci-Fi, Shounen",TV,48,6.63,810
7430,Konjiki no Gash Bell!!: Ougon no Chichi wo Motsu Otoko,"Action, Adventure, Comedy, Ecchi, Kids, Magic, Romance, Super Power, Supernatural",OVA,1,6.63,1991
30953,Arslan Senki (TV) Specials,Comedy,Special,8,6.62,5241
32728,Sensou no Tsukurikata,"Drama, Kids",ONA,1,6.62,97
425,Shiritsu Araiso Koutougakkou Seitokai Shikkoubu,"Comedy, Shounen Ai, Sports",OVA,2,6.62,4085
1964,Sakura Taisen: Ecole de Paris,"Action, Adventure, Game, Harem, Mecha, Sci-Fi",OVA,3,6.61,2201
5849,Zettai Karen Children Recap,"Action, Comedy, Shounen, Supernatural",Special,1,6.61,1603
1854,Rockman Hoshi ni Negai wo,"Action, Adventure, Sci-Fi",OVA,3,6.59,1979
6518,Eiga de Toujou! Tamagotchi Dokidoki! Uchuu no Maigotchi!?,Kids,Movie,1,6.58,312
8496,Neko Neko Fantasia,Comedy,OVA,1,6.58,187
6555,Pokemon: Pikachu no Kirakira Daisousaku!,"Adventure, Comedy, Fantasy, Kids",Special,1,6.58,3786
2726,Sukeban Deka,"Action, Drama, Police, School, Shoujo",OVA,2,6.58,1663
30218,The iDOLM@STER Cinderella Girls: Special Program,"Comedy, Music",Special,1,6.57,1802
685,To Heart: Remember My Memories,"Drama, Harem, Romance, School, Sci-Fi, Slice of Life",TV,13,6.57,5752
5772,Akaneiro ni Somaru Saka: Hardcore,"Comedy, Ecchi, Harem, Romance",Special,1,6.55,26925
2142,Blue Dragon,"Adventure, Comedy, Fantasy, Supernatural",TV,51,6.55,22718
21041,Follow Me,"Drama, Music, Romance, Slice of Life",Music,1,6.55,1165
12685,Code Geass: Nunnally in Wonderland,"Comedy, Fantasy, Parody",OVA,1,6.54,37087
1677,Cosmo Warrior Zero Gaiden,"Adventure, Drama, Military, Sci-Fi, Space",Special,2,6.54,1215
15453,Shinryaku! Ika Musume: Kore ga Umi e no Ai Jana-ika!,Music,Music,1,6.54,2162
1816,Sonic X,"Adventure, Comedy, Kids, Mecha, Sci-Fi, Shounen",TV,78,6.54,28296
4801,Suhoyojeong Michel,"Adventure, Fantasy, Kids",TV,26,6.54,376
2064,Gall Force: Chikyuu Shou,"Action, Mecha, Military, Sci-Fi",OVA,3,6.53,1098
576,Magikano,"Comedy, Fantasy, Harem, Magic, Romance, Shounen",TV,13,6.53,22664
16331,Next A-Class,"Action, Cars, Sci-Fi",ONA,1,6.53,4394
22049,Just Awake,"Action, Music, Sci-Fi",Music,1,6.52,1057
1999,Sakura Taisen: Sumire,"Adventure, Drama, Mecha, Sci-Fi, Shounen",OVA,1,6.52,1655
5848,Cinnamon the Movie,Fantasy,Movie,1,6.51,493
6919,X-Men,"Action, Drama, Super Power",TV,12,6.51,15653
31128,Arslan Senki (TV): Dakkan no Yaiba,"Action, Adventure, Drama, Fantasy, Historical, Supernatural",Special,1,6.5,6686
2303,Mobile Suit SD Gundam Mk II,"Mecha, Parody, Sci-Fi",OVA,3,6.5,2112
22361,Shichinin no Nana: Oshougatsu Da yo! 7 x 7 = 49-nin no Nana?,"Adventure, Comedy, Magic",Special,1,6.51,216
1753,Di Gi Charat: Kuchi Kara Bazooka,Comedy,Special,1,6.49,1249
909,Geneshaft,"Adventure, Mecha, Sci-Fi, Space",TV,13,6.49,8643
6251,Sketchbook: Full Color&#039;s Picture Drama,"Comedy, Slice of Life",Special,6,6.49,1487
1662,Space Fantasia 2001 Nights,"Drama, Sci-Fi, Seinen, Space",OVA,1,6.49,1284
30246,Space☆Dandy 2nd Season Picture Drama,"Comedy, Sci-Fi, Space",Special,3,6.49,1150
13169,Buta,"Adventure, Comedy, Fantasy, Historical",Movie,1,6.48,4850
2052,Nozomi Witches,"Romance, Sports",OVA,3,6.48,556
8026,Super Street Fighter IV,"Action, Adventure, Shounen",OVA,1,6.48,4498
3011,Yotsunoha,"Romance, School",OVA,2,6.48,8565
32023,Bubuki Buranki,"Action, Drama, Mecha, Sci-Fi",TV,12,6.47,44978
3884,Maze☆Bakunetsu Jikuu: Hot Springs,"Action, Comedy, Ecchi, Fantasy",Special,1,6.47,646
7079,Ookamikakushi,"Action, Horror, Mystery, Supernatural",TV,12,6.47,51323
2008,Yawara! Sore Yuke Koshinuke Kids!!,"Action, Comedy, Drama, Martial Arts, Romance, Slice of Life, Sports",Movie,1,6.46,763
6462,Amefuri Kozou,"Fantasy, Supernatural",OVA,1,6.44,606
1701,Boku no Marie,"Comedy, Ecchi, Romance, Sci-Fi, Seinen",OVA,3,6.44,2186
28385,Seto no Hanayome Picture Drama,"Comedy, Parody, Romance, School",Special,1,6.44,1264
8079,Tamala 2010: A Punk Cat in Space OVA,"Dementia, Sci-Fi",OVA,2,6.44,505
33056,Buddy Go!,"Comedy, Romance, Shoujo",Special,3,6.42,1415
14237,Busou Shinki,"Action, Sci-Fi, Slice of Life",TV,12,6.41,24595
2027,Wind: A Breath of Heart Specials,"Comedy, Romance, School",Special,4,6.41,1335
3671,"Genesis Climber Mospeada: Love, Live, Alive","Action, Mecha, Music",OVA,1,6.4,712
1503,Mahou Shoujo Pretty Sammy Specials,"Adventure, Comedy, Fantasy, Magic, Parody, Seinen",Special,7,6.4,798
8157,Gegege no Kitarou: Youkai Tokkyuu! Maboroshi no Kisha,"Adventure, Comedy, Fantasy, Horror, Supernatural",Movie,1,6.39,241
3906,H. P. Lovecraft&#039;s The Dunwich Horror and Other Stories,Horror,OVA,1,6.39,1704
9165,Attack No.1: Namida no Kaiten Receive,"Drama, Shoujo, Sports",Movie,1,6.37,248
16149,Kick-Heart,"Comedy, Romance, Sports",Movie,1,6.37,8007
9290,Moyashimon CGI Anime,"Comedy, School, Supernatural",OVA,1,6.37,1415
1777,Kaze no Tairiku,"Action, Adventure, Fantasy, Supernatural",Movie,1,6.36,2552
18413,Puchitto Gargantia,"Mecha, Sci-Fi",ONA,13,6.36,7170
5585,New Dream Hunter Rem: Yume no Kishitachi,"Ecchi, Magic",OVA,1,6.35,586
2309,"Azusa, Otetsudai Shimasu!","Comedy, Sci-Fi, Slice of Life, Sports",OVA,1,6.34,1973
6557,Fortune Quest: Yo ni mo Shiawase na Boukensha-tachi,"Adventure, Comedy, Fantasy, Magic",OVA,4,6.34,464
20929,Galo Sengen,Music,Music,1,6.34,586
1162,Maze☆Bakunetsu Jikuu,"Adventure, Comedy, Fantasy, Mecha, Shounen",OVA,2,6.34,1835
16233,Yowai Mushi,"Drama, Music",Special,1,6.34,1154
21507,Soul Eater NOT!,"Action, Comedy, Ecchi, Shounen, Supernatural",TV,12,6.33,92269
23333,DRAMAtical Murder,"Action, Psychological, Sci-Fi, Super Power",TV,12,6.32,80121
2196,Genmu Senki Leda,"Action, Adventure, Fantasy, Magic, Mecha, Sci-Fi",OVA,1,6.32,1925
30865,Umi ni Ochita Tsuki no Hanashi,Kids,Movie,1,6.32,293
19029,Yuyushiki: Nyanyashiki,Comedy,Special,6,6.32,6805
23989,Maken-Ki! Two Specials,Ecchi,Special,5,6.32,7858
3155,Kingyo Chuuihou! (Movie),"Action, Comedy, Kids, Shoujo",Movie,1,6.3,301
9782,Norageki!,"Mystery, Sci-Fi, Space",OVA,1,6.29,6727
3599,Shin Kujakuou,"Action, Demons, Horror",OVA,2,6.28,743
17963,"Tetsuwan Atom: Kagayakeru Hoshi - Anata wa Aoku, Utsukushii...","Mecha, Sci-Fi",Movie,1,6.28,302
4003,Dream Hunter Rem,"Ecchi, Magic",OVA,4,6.27,1442
498,Haja Taisei Dangaiou,"Action, Adventure, Mecha, Sci-Fi",OVA,3,6.27,2350
10481,Otohime Connection,"Drama, Mystery, Romance, Shoujo, Slice of Life",OVA,1,6.27,259
648,Tsuki wa Higashi ni Hi wa Nishi ni: Operation Sanctuary,"Comedy, Drama, Harem, Romance, Sci-Fi",TV,13,6.27,5200
2823,Barbapapa,"Comedy, Fantasy",TV,45,6.26,1385
12877,Bokurano Recap,"Drama, Mecha, Psychological, Sci-Fi",Special,1,6.26,1737
1056,Good Morning Call,"Comedy, Drama, Romance, School, Shoujo",OVA,1,6.26,3970
5689,Eien no Filena,"Adventure, Drama, Fantasy",OVA,6,6.25,301
5287,Ippatsu Kanta-kun,"Action, Adventure, Comedy, Kids, Sports",TV,53,6.25,310
3889,Junk Boy,"Comedy, Ecchi, Romance",OVA,1,6.25,3156
6932,Kemono to Chat,Comedy,OVA,1,6.25,1175
4461,Kouchou-sensei to Kujira,Drama,Movie,1,6.25,1441
18003,Thermae Romae x TOTO Collaboration,"Comedy, Historical, Seinen",Special,1,6.24,447
6918,Wolverine,"Action, Martial Arts, Super Power",TV,12,6.24,14989
8842,Oishinbo: Nichibei Kome Sensou,"Comedy, Seinen, Slice of Life",Movie,1,6.23,199
31133,Shounen Sunday CM Gekijou: InuYasha-hen,"Action, Demons, Fantasy",Special,2,6.23,1218
2693,Detatoko Princess,"Comedy, Fantasy",OVA,3,6.21,1220
12965,Jewelpet Movie: Sweets Dance Princess,"Fantasy, Magic, Shoujo",Movie,1,6.2,581
3183,MAPS: Densetsu no Samayoeru Seijin-tachi,"Action, Adventure, Drama, Sci-Fi, Shounen, Space",OVA,1,6.2,402
31402,Soul Worker: Your Destiny Awaits,"Action, Fantasy, Sci-Fi",ONA,5,6.2,430
13983,Thermae Romae: Kodai Romajin ga Uchuu e,"Comedy, Seinen, Space",Special,1,6.2,749
10869,Scan2Go,"Cars, Kids, Shounen, Space, Sports",TV,52,6.19,642
989,Shinshaku Sengoku Eiyuu Densetsu: Sanada Juu Yuushi,"Historical, Military",Special,1,6.18,560
27677,Stratos 4 OVA: Stratos 4.1 - Dutch Roll,"Action, Military, Parody, Sci-Fi",Special,1,6.18,239
22847,Kara no Kyoukai: Mirai Fukuin - Manner Movie,Drama,Movie,1,6.17,4260
8316,Kawasaki Frontale x Tentai Senshi Sunred,"Comedy, Parody, Seinen, Sports, Super Power",Special,4,6.17,363
2476,School Days,"Drama, Harem, Romance, School",TV,12,6.17,279183
5503,Atagoal wa Neko no Mori,Kids,Movie,1,6.15,483
22099,Hero Bank,"Game, Kids",TV,51,6.15,1946
29517,Kumi to Tulip,"Kids, Sci-Fi",Movie,1,6.14,999
17719,Mahoutsukai Sally (Movie),"Comedy, Magic, Shoujo",Movie,1,6.14,202
12755,Mahoutsukai Jiji,"Fantasy, Magic, Music",ONA,1,6.13,1039
25441,Shin Strange+ Special,"Comedy, Shoujo, Slice of Life",Special,1,6.13,1094
32563,Starry Tales: Seiza wa Toki wo Koete,"Fantasy, Space",Movie,1,6.13,286
3258,Lily C.A.T.,"Horror, Sci-Fi, Space",Movie,1,6.11,2068
7174,Usaru-san,Kids,Special,4,6.11,822
10799,Chime,Music,Music,1,6.09,3125
25999,Minna Atsumare! Falcom Gakuen SC,"Comedy, Parody, School, Seinen",TV,12,6.09,1366
12135,Ra/Radio Noise*Planet,"Adventure, Psychological, Sci-Fi",OVA,1,6.09,595
6443,AIKa Zero,"Action, Adventure, Comedy, Ecchi",OVA,3,6.08,9595
15423,Antinotice,Music,Music,1,6.07,744
13691,Taisei Kensetsu: Shin Doha Kokusai Kuukou,Drama,Special,1,6.07,1705
31035,Inferno Cop Specials,"Action, Comedy",Special,2,6.06,755
8667,Koi Hanabi,"Fantasy, Music",Music,1,6.06,235
14045,Mangirl!,"Comedy, Slice of Life",TV,13,6.05,19015
6798,Saa Ikou! Tamagotchi,Kids,TV,12,6.06,487
3805,Kaitou Tenshi Twin Angel,Magic,OVA,2,6.05,3442
12157,Busou Chuugakusei: Basket Army,"Action, Military",ONA,5,6.04,4046
33775,Soul Buster,"Action, Samurai",TV,12,6.01,11086
5472,Kokoro Toshokan: Communication Clips,"Comedy, Drama, Slice of Life",Special,1,6.03,455
2527,Kotetsu no Daibouken,"Action, Comedy, Ecchi, Fantasy, Magic, Romance, Sci-Fi, Shounen",OVA,2,6.03,1420
4688,Minna Agechau♡,"Comedy, Ecchi, Romance",OVA,1,6.03,690
3267,Kingdom of Chaos: Born to Kill,Fantasy,OVA,4,6.02,496
28959,Kizuna (Special),"Drama, Romance, Slice of Life",Special,1,6.02,394
7518,Boku wa Kuma,"Kids, Music, Slice of Life",Music,1,5.98,985
19519,Dream Creator feat. GUMI,Music,Music,1,5.98,571
8963,Stitch!: Piko Kara no Chousenjou,"Adventure, Comedy, Kids",Special,1,5.98,458
1223,Ame to Shoujo to Watashi no Tegami,Shoujo,ONA,1,5.97,6686
1767,Psycho Diver: Mashou Bosatsu,"Horror, Psychological, Sci-Fi",OVA,1,5.95,2137
8722,Ten no Kawa,"Fantasy, Music",Music,1,5.95,471
23213,Kantoku Fuyuki Todoki,"Comedy, Josei, Slice of Life",TV,13,5.94,4037
20463,Little Nemo Pilot (1987),Adventure,Special,1,5.93,267
3025,Dragon Slayer Eiyuu Densetsu: Ouji no Tabidachi,"Action, Fantasy, Magic",OVA,2,5.92,641
3968,Dragoon,"Adventure, Fantasy",OVA,3,5.92,896
7561,Kaitou Reinya,Comedy,TV,12,5.92,2087
32735,Persona 3 the Movie Meets “Walkman”,Drama,ONA,1,5.91,937
2727,Sweet Valerian,"Action, Comedy, Magic, School, Shoujo",TV,18,5.91,1680
11735,Coluboccoro,"Fantasy, Sci-Fi",OVA,1,5.89,1081
16183,Lupin Shanshei,"Comedy, Parody",OVA,10,5.9,582
16377,Peeping Life: The Perfect Extension,"Comedy, Slice of Life",OVA,10,5.89,245
33366,Toukiden 2,"Action, Demons",ONA,3,5.89,199
3736,Parappa the Rapper,"Comedy, Fantasy",TV,30,5.85,1199
30967,Chuumon no Ooi Ryouriten (1993),"Fantasy, Horror, Supernatural",Movie,1,5.83,238
5878,Love Position: Halley Densetsu,"Fantasy, Sci-Fi",OVA,1,5.84,398
31549,Peeping Life TV: Season 1??,"Comedy, Slice of Life",TV,12,5.83,1573
30920,Utopa,Sci-Fi,Movie,1,5.83,590
10375,Denshinbashira no Okaasan,Drama,Movie,1,5.82,224
9053,Ice Movie,"Action, Military, Sci-Fi",Movie,1,5.82,804
33274,Onara Gorou,Comedy,TV,13,5.82,5117
13427,PES: Peace Eco Smile,"Slice of Life, Space",ONA,7,5.82,2487
21715,Makkuramori no Uta,Music,Music,1,5.81,117
21267,Go! Go! 575,Slice of Life,TV,4,5.8,7755
31966,Sword Gai,"Action, Seinen, Supernatural",ONA,1,5.8,210
5053,Ai City,"Action, Sci-Fi, Super Power",Movie,1,5.79,1513
2837,Ariel Deluxe,"Action, Comedy, Mecha, Sci-Fi",OVA,2,5.79,615
21055,Mission School,"Music, School",Music,1,5.79,243
10463,Exper Zenon,"Action, Sci-Fi",Movie,1,5.78,623
11269,Maken Liner 0011 Henshin Seyo!,"Action, Mecha, Sci-Fi",Movie,1,5.77,238
8660,Minarai Chameleon,"Comedy, Kids, Music",Music,1,5.77,140
25891,Stitch to Suna no Wakusei,"Adventure, Comedy, Kids, Sci-Fi",Special,1,5.77,198
31908,"Ai think so,",Music,Music,1,5.77,203
6305,Life no Color,"Music, School",Movie,1,5.75,1441
1776,Bulg-eunmae,"Martial Arts, Super Power",Movie,1,5.74,582
23375,Minarai Diva,Music,TV,10,5.73,982
23835,Moonrakers,"Drama, Sci-Fi, Space",ONA,1,5.73,1013
2785,OZ,"Action, Drama, Military, Sci-Fi, Shoujo",OVA,2,5.71,720
31904,Big Order (TV),"Action, Shounen, Super Power",TV,10,5.7,84079
24123,Kaette Kita Top wo Nerae! Kagaku Kouza,"Comedy, Mecha, Sci-Fi",Special,2,5.7,864
20329,Koroshiya-san: The Hired Gun,"Action, Comedy, Police, Seinen, Thriller",TV,10,5.69,4608
19925,KY Kei JC Kuukichan,"Comedy, School",ONA,6,5.69,394
25991,Bishoujo Mobage: Mobami-chan,Fantasy,ONA,1,5.68,763
19337,Momoya x Peeping Life: Go en Desu yo!,Slice of Life,ONA,4,5.68,218
33449,Moving Colors,Dementia,Movie,1,5.67,109
19287,Reunion (Music),Music,Music,1,5.67,1229
4927,Tomoe ga Yuku!,"Adventure, Drama",OVA,2,5.65,317
15535,Yumekuri,"Seinen, Slice of Life",OVA,1,5.64,4218
2528,Megami Tengoku,"Adventure, Ecchi, Fantasy",OVA,2,5.62,952
22467,Minihams no Ai no Uta,"Kids, Music",Music,1,5.61,161
29141,Atama wa Tsukaiyou. Card mo Tsukaiyou.,Comedy,Special,1,5.6,177
19239,Old City Ward,"Fantasy, Music",Music,1,5.6,278
24181,3-Nen C-Gumi 14-Ban Kubozono Chiyoko no Nyuukaku,"Music, School",Music,1,5.59,385
23061,Heya/Keitai,"Fantasy, Music",Movie,1,5.59,311
15021,Yuki no Taiyou Pilot,"Drama, Shoujo",Special,1,5.58,1051
25973,I Love Picnic,"Comedy, Kids",Special,1,5.58,110
8773,Nekko-kun,"Kids, Music",Music,1,5.56,185
2003,Tokyo Vice,"Action, Mecha, Mystery, Sci-Fi",OVA,1,5.56,711
1772,Seishoujo Kantai Virgin Fleet,"Fantasy, Military, School, Sci-Fi",OVA,3,5.53,892
17161,Peeping Life: The Perfect Emotion Special,"Comedy, Slice of Life",Special,1,5.5,231
3320,Harbor Light Monogatari: Fashion Lala yori,Shoujo,OVA,1,5.49,800
20547,Top wo Nerae 2! Kagaku Kouza,Sci-Fi,Special,3,5.49,737
12789,Yasashii Lion,"Fantasy, Kids, Music",Movie,1,5.49,186
8774,3-tsu no Hanashi,Fantasy,Special,1,5.47,257
32789,Answer,"Music, Supernatural, Vampire",Music,1,5.44,103
31309,Balloon,Dementia,ONA,1,5.42,230
9356,Cool Cool Bye,"Action, Adventure, Fantasy",OVA,1,5.41,374
19209,Devour Dinner,"Dementia, Fantasy",Movie,1,5.39,215
21717,Koisuru Niwatori,Music,Music,1,5.39,129
17163,Peeping Life: The Perfect Evolution Specials,"Comedy, Slice of Life",Special,3,5.38,220
11729,Space Neko Theater,Comedy,ONA,1,5.38,584
30105,Fukashigi no Kazoekata,Kids,ONA,1,5.37,143
31108,Green Dakara x Bakemono no Ko,Music,ONA,2,5.38,1086
13439,Shinpi no Hou,"Adventure, Supernatural",Movie,1,5.37,1100
30336,Tori,Dementia,Movie,1,5.37,117
32767,Hane,Music,Music,1,5.36,97
25461,Tatamp,Music,Movie,1,5.35,273
6827,Suzume no Oyado,Fantasy,Movie,1,5.34,359
6829,Izakaya no Ichiya,Action,Movie,1,5.31,406
31491,Hantsu x Trash,"Comedy, Ecchi, Romance, School, Seinen, Sports",OVA,3,5.29,6850
3306,Aoki Honoo,"Drama, Romance, Seinen",OVA,1,5.27,1312
32291,Kakegae no,Drama,ONA,1,5.27,103
28687,Poker,Music,Music,1,5.26,311
8958,Potecco Babies,Comedy,ONA,2,5.26,184
6281,Asylum Session,"Sci-Fi, Seinen",Movie,1,5.25,2678
33871,Estima: Sense of Wonder,"Comedy, Historical, Sci-Fi",ONA,13,5.24,127
4395,Norakuro Nitouhei: Enshuu no Maki,Adventure,Movie,1,5.23,355
4392,Ooatari Sora no Entaku,Comedy,Movie,1,5.15,461
765,Chou Henshin Cosprayers Specials,"Adventure, Comedy, Magic, Sci-Fi",Special,3,5.13,1480
18047,Seiyuu Deka,"Comedy, Magic",ONA,1,5.12,170
7810,Yami wo Mitsumeru Hane,Dementia,Movie,1,5.06,500
5838,Furudera no Obake-soudou,"Action, Adventure",Movie,1,5.04,531
25533,Many Mary,Music,Music,1,5.04,153
10627,Ski Jumping Pairs: Road to Torino 2006,"Comedy, Sports",Movie,1,5.03,187
24847,Ichigeki Sacchuu!! Hoihoi-san: Legacy,"Comedy, Sci-Fi",ONA,1,5.0,475
4966,Jigazou,Comedy,Movie,1,4.97,1152
9976,Wakaranai Buta,Drama,Movie,1,4.92,333
30666,Memories: Younenki no Joukei,Dementia,Movie,1,4.91,133
6831,Hinomaru Hatanosuke: Bakemonoyashiki no Maki,Supernatural,Movie,1,4.89,593
32298,Nakanaori,"Action, Samurai",ONA,1,4.85,192
4934,A.F,"Action, Mecha, Sci-Fi",Special,1,4.7,646
9342,Twinkle Nora Rock Me!,"Action, Sci-Fi",OVA,1,4.69,338
28645,Haru no Shikumi,Dementia,Movie,1,4.63,363
9801,Hustle!! Tokitama-kun,Dementia,Special,1,4.56,369
23055,Kangaeru Renshuu,Kids,Movie,1,4.46,213
33220,Natsu no Gero wa Fuyu no Sakana,"Dementia, Music",Music,1,4.45,147
7024,Heya,"Comedy, Dementia",Movie,1,4.16,804
30860,Koumon-teki Juuku Ketsujiru Juke,"Comedy, Dementia, Music",Music,1,3.78,310
22161,Scrap Diary,Dementia,Movie,1,3.59,470
2792,Panzer Dragoon,"Adventure, Fantasy",OVA,1,3.47,1047
11883,Nendo no Tatakai 2,"Comedy, Fantasy",ONA,1,3.46,1042
25627,"&quot;Aesop&quot; no Ohanashi yori: Ushi to Kaeru, Yokubatta Inu",Kids,Movie,1,5.0,113
24989,Agukaru: Play with Ibaraki-hen,"Magic, Slice of Life, Supernatural",ONA,20,4.81,171
24857,Akagaki Genzou: Tokuri no Wakare,Comedy,Movie,1,4.5,87
8226,Akuma-kun (Movie),"Adventure, Fantasy, Horror, Magic, Supernatural",Movie,1,5.91,213
20237,Anime Document: München e no Michi,Sports,TV,16,6.5,83
26285,Ao no Doumon,"Drama, Historical, Kids, Samurai",OVA,1,6.08,82
17117,Aoi Kioku: Manmou Kaitaku to Shounen-tachi,"Drama, Historical, Military",Movie,1,6.45,135
25089,Araiguma Rascal Specials,"Drama, Slice of Life",Special,2,5.67,101
33232,Area 88 Movie,"Action, Adventure, Drama, Military, Romance",Movie,1,7.18,210
26013,Backkom Mission Impossible,"Comedy, Kids, Parody",ONA,2,6.11,97
24373,Bakabon Osomatsu no Karee wo Tazunete Sansenri,Comedy,Special,1,6.58,173
17687,Bemubemu Hunter Kotengu Tenmaru,"Adventure, Fantasy",TV,19,6.67,107
5478,Bikkuriman 2000,"Adventure, Fantasy, Kids",TV,68,6.1,153
9812,Bit the Cupid,Comedy,TV,48,6.0,109
18191,Boku wa Ou-sama (TV),Kids,TV,12,6.4,141
20109,Bokura Mangaka: Tokiwasou Monogatari,"Comedy, Slice of Life",Special,1,7.31,137
8403,Bonobono: Kumomo no Ki no Koto,Drama,Movie,1,6.0,137
10210,Bug tte Honey,"Adventure, Comedy",TV,51,6.3,146
10245,Burning Village,"Fantasy, Horror",OVA,10,5.83,108
7803,Challenge Ichinensei de Kakkoii Ichinensei ni Henshin!,Kids,OVA,1,5.86,176
17657,Chibi Neko Tomu no Daibouken: Chikyuu wo Sukue! Nakama-tachi,"Adventure, Kids",Special,1,6.4,76
24269,Chiisana Kyojin Microman: Daigekisen! Microman vs. Saikyou Senshi Gorgon,"Action, Adventure, Mecha, Sci-Fi, Shounen, Super Power",Movie,1,4.69,93
31211,Choegang Top Plate,"Action, Comedy, Kids, Sports",TV,26,7.2,86
30923,Colorful Ninja Iromaki,Fantasy,Movie,1,6.0,442
25977,Contact 2,"Comedy, Kids, Sci-Fi",Special,1,5.58,101
6759,Cynical Hysterie Hour: Trip Coaster,"Comedy, Slice of Life",Movie,1,5.96,110
16572,Dokgotak: Taeyang-eul Hyanghae Deonjyeola,Sports,Movie,1,5.5,72
20077,Dotanba no Manners,"Comedy, Slice of Life",TV,283,6.75,75
8478,Doubutsu Kankyou Kaigi,Kids,TV,20,5.68,151
30193,Eun-sil-i,Drama,Movie,1,5.81,163
29179,Futago no Ookami Daibouken,"Kids, Music",Music,1,4.2,85
23607,Gaki Deka,"Comedy, Ecchi, Kids, Parody, Shounen",TV,22,5.0,72
20175,Gamba to Kawauso no Bouken,"Adventure, Kids",Movie,1,6.5,95
9464,Ganbare Goemon: Chikyuu Kyuushutsu Daisakusen,"Comedy, Shounen",OVA,1,6.08,125
16908,Ganbare! Oden-kun,Comedy,TV,102,5.83,97
12451,Gattai Robot Atranger,Mecha,OVA,1,4.77,115
24677,Gegege no Kitarou: Kitarou Tanjou-hen,Supernatural,Special,1,5.13,103
25609,Genki Genki Non-tan,"Kids, Music",TV,15,6.17,56
9388,Ginga Hyouryuu Vifam: Atsumatta 13-nin,"Action, Adventure, Mecha, Sci-Fi",OVA,1,6.07,123
31263,Grim,Dementia,Movie,1,4.32,121
19751,Gu-Gu Ganmo (Movie),Comedy,Movie,1,5.58,69
33474,Haha wo Tazunete Sanzenri (Movie),"Adventure, Drama, Historical, Slice of Life",Movie,1,6.81,105
8764,Hajime Ningen Gon,"Comedy, Historical",TV,39,6.46,129
29972,Hakuchuu Meikyuu,Dementia,ONA,1,3.02,99
5930,Hayou no Ken: Shikkoku no Mashou,"Fantasy, Shoujo, Supernatural",OVA,2,5.79,182
22449,Hello Kitty no Nagagutsu wo Naita Neko,"Fantasy, Kids",OVA,1,6.04,102
17481,Hello Kitty no Oyayubi-hime (OVA),"Fantasy, Kids",OVA,1,5.83,140
26111,Hibike! Wadaiko,"Drama, Kids",OVA,1,6.78,307
24089,High School Jingi,"Action, Comedy, Seinen",OVA,1,5.0,84
13431,Himitsukessha Taka no Tsume NEO,"Comedy, Parody, Super Power",TV,38,6.62,151
21549,Hitotsuboshi-ke no Ultra Baasan,"Comedy, Slice of Life",TV,13,4.88,85
10509,Hoero! Bun Bun (Movie),Kids,Movie,1,6.28,120
18309,Hopiwa Chadolbawi,"Action, Adventure, Historical, Shounen",Movie,1,4.85,76
3414,Hula Kappa,Comedy,TV,78,6.09,168
16007,Hyoutan Suzume,Fantasy,Movie,1,5.0,136
9902,Hyper ERT,Kids,TV,20,6.0,73
26119,Iwata Kunchi no Obaachan,"Drama, Historical, Kids",OVA,1,6.33,52
29623,Jiaoao de Jiangjun,Drama,Movie,1,5.64,107
20835,Joshikousei Nobunaga-chan!!,"Comedy, Ecchi, School",ONA,10,5.96,473
11857,Judo Sanka,"Shounen, Sports",TV,27,6.68,128
11767,Justeen,"Action, Mecha, Sci-Fi",OVA,1,5.36,508
29409,Juu-nin no Chiisa na Indian,Kids,Movie,1,3.5,103
10965,Kagaku Bouken-tai Tansar 5,"Adventure, Mystery, Sci-Fi, Supernatural",TV,34,6.73,98
21551,Kaitei Toshi no Dekiru made,Sci-Fi,Movie,1,8.0,64
23613,Kakkun Cafe,"Comedy, Parody, Slice of Life",Movie,1,5.86,54
13827,Kamiusagi Rope x Panasonic Collaboration,"Comedy, Slice of Life",Movie,1,5.79,116
30743,Kanagatari. Kanabakari.: Kanadian Families,Slice of Life,OVA,1,6.36,209
30167,Kanashiki Mongoose,"Kids, Music",Music,1,3.36,90
26333,Kaneko Misuzu: Yasashisa no Fuukei,"Drama, Kids",OVA,1,5.25,53
23639,Kappa Kawatarou,"Kids, Supernatural",Movie,1,4.85,101
8065,Karakuri Kengou Den Musashi Lord,"Action, Adventure, Mecha",TV,50,6.37,208
5140,Karaoke Senshi Mike-tarou,"Kids, Music",TV,20,7.05,159
20127,Kariage-kun,"Comedy, Seinen, Slice of Life",TV,59,6.5,79
24047,Kaseki Dorobou to Kyouryuuseki,"Adventure, Kids",ONA,1,5.59,107
17339,Kentauros no Densetsu,"Action, Drama",OVA,1,5.58,84
22641,Kero Kero Keroppi no Bikkuri! Obakeyashiki,"Kids, Supernatural",OVA,1,5.54,76
22625,Kero Kero Keroppi no Dai Bouken,"Adventure, Fantasy, Kids",OVA,1,6.0,75
10237,Ki-Fighter Taerang,"Adventure, Kids",TV,26,5.92,81
19683,Kick no Oni (1971),"Shounen, Sports",Movie,1,4.78,85
17483,Kiki to Lala no Hansel to Gretel,Kids,OVA,1,4.0,82
8883,Kikou Heidan J-Phoenix: PF Lips Shoutai,"Comedy, Mecha",OVA,3,5.61,188
29555,Kinken Chochiku Shiobara Tasuke,Historical,Movie,1,4.21,101
26293,Kokoro no Hanataba,Kids,OVA,1,7.5,46
26117,Kokoroya,"Kids, Psychological, Sci-Fi",OVA,1,8.0,66
33854,Kosys! Lite: Tsuyoku Suishou Bansaku no Sunglasses - Password Tsukai-mawashi no Jutsu,"Comedy, Slice of Life",ONA,1,5.4,48
8595,Kotencotenco,"Adventure, Comedy, Fantasy, Kids, Magic",TV,52,6.18,102
33226,Kotowaza Gundam-san,"Comedy, Mecha, Parody",ONA,17,6.13,200
28151,Kujakuou: Sengoku Tensei,"Action, Demons, Historical, Supernatural",ONA,1,4.33,181
17669,Kunimatsu-sama no Otoridai,"Comedy, School, Sports",TV,46,6.88,95
27847,Kyoushitsu wa Obake ga Ippai/Boku wa Yuusha da zo,"Fantasy, Kids, Supernatural",OVA,1,6.5,45
6065,Lemon Angel YJ-ban,"Romance, School",OVA,2,5.71,217
17104,Lolling Seutajeu (Movie),"Kids, Sports",Movie,1,6.0,63
19971,Machi Ichiban no Kechinbou,"Drama, Historical, Music, Supernatural",Special,1,5.61,117
3828,Maegami Tarou,Adventure,Special,1,6.08,105
22979,Magical★Taruruuto-kun: Sukisuki Takoyaki!,"Adventure, Comedy, Ecchi, Fantasy, Magic, School",Movie,1,6.5,86
33183,Mahoutsukai Precure! Movie,"Action, Fantasy, Magic, School, Shoujo, Slice of Life",Movie,1,7.71,514
9818,Mak Dau BoloYao WongZi,Comedy,Movie,1,7.18,102
33547,Mameshiba x Gaist Crusher Collab CM,"Comedy, Fantasy, Parody",Special,1,5.08,128
11829,Manga Mitokoumon,Historical,TV,46,7.15,169
22509,Manga Nihonshi (NHK Han),Historical,TV,40,7.55,188
16784,Marin X,"Action, Adventure, Mecha, Sci-Fi, Shounen",Movie,1,4.08,76
33843,Matsubara-kun: Mackie E no Ouen Message,Comedy,ONA,1,3.38,48
8442,Maze☆Bakunetsu Jikuu: Tenpen Kyoui no Giant,"Adventure, Comedy, Fantasy, Mecha, Shounen",Movie,1,6.22,381
25085,Meiken Lassie Specials,"Adventure, Slice of Life",Special,2,6.38,69
7751,Midnight Horror School,Comedy,TV,52,6.9,328
26259,Mienu Me ni Kanjita Kumotoriyama no Asahi,"Drama, Kids",OVA,1,9.0,47
29557,Mikuni no Tame Ni,"Historical, Military",Movie,1,4.14,96
16954,Milky Passion: Dougenzaka - Ai no Shiro,"Josei, Romance",OVA,1,5.47,196
18275,Mini Yon Soldier Rin!,"Action, Adventure, Mecha, Shounen",OVA,1,4.8,63
8243,Mizuki Shigeru no Toono Monogatari,"Adventure, Fantasy",Movie,1,7.67,143
29833,Mochi Mochi no Ki,Kids,Movie,1,4.27,99
25547,Momon&#039;s Sand Witch Bangai-hen: Tanu no Kyuujitsu,"Comedy, Kids",ONA,1,3.78,71
22671,Momoya x Peeping Life: Go en Desu yo! II,"Comedy, Slice of Life",ONA,5,5.15,169
19479,Monkey Punch: Manga Katsudou Daishashin - Crime Mate Special,"Action, Comedy, Ecchi, Parody",Special,1,6.2,105
12391,Mouretsu Atarou (1990),"Comedy, Kids, Slice of Life",TV,34,7.1,103
31638,Mr. Shape,"Comedy, Kids",Special,3,4.71,54
33537,My Home,Slice of Life,ONA,1,5.14,45
30398,Nani ga Dekiru ka na,Comedy,Movie,1,3.52,101
27943,Nano Invaders,"Action, Adventure, Shounen, Super Power",TV,52,7.08,519
26215,Niji no Kizuna,"Drama, Kids",OVA,1,6.67,46
19917,Nijuushi no Hitomi,"Drama, Historical",Special,1,6.25,58
23647,Ninja Hattori-kun: Nin Nin Furusato Daisakusen no Maki,"Comedy, Kids, Martial Arts, Slice of Life",Movie,1,6.0,108
8777,Nobara no Julie,"Adventure, Drama, Historical, Music",TV,13,5.96,190
9303,Noel no Fushigi na Bouken,"Adventure, Comedy, Fantasy",Movie,1,5.38,133
18575,Noobow: Kieta Medal,"Kids, Slice of Life",OVA,1,5.8,57
7575,Oh! Family,"Comedy, Drama, Romance, Shoujo, Slice of Life",TV,26,6.17,201
18815,Oh! Super Milk-chan Special,"Action, Comedy, Sci-Fi",Special,1,5.93,178
23865,Ojisan Kaizou Kouza,Comedy,Movie,1,6.43,60
10353,Okama Hakusho,"Comedy, Seinen",OVA,3,5.67,183
23267,Osaru no Tairyou,Slice of Life,Movie,1,4.36,111
32087,Osomatsu-kun (1988): Appare! Chibita no Onitaiji zansu,Comedy,Special,1,6.29,193
17467,Otoko Ippiki Gaki Daishou,"Action, Drama, Shounen",TV,156,7.2,158
32147,Peeping Life x Kids Station,"Comedy, Slice of Life",Special,3,4.08,77
22675,Peeping Life: Gekijou Original-ban,"Comedy, Slice of Life",Movie,5,4.67,161
22631,Peeping Life: Tezuka Pro - Tatsunoko Pro Wonderland,"Comedy, Parody",OVA,10,4.88,135
17359,Peeping Life: The Perfect Explosion,"Comedy, Slice of Life",OVA,10,5.19,211
25983,Private Eye Dol,"Comedy, Mystery",Special,3,5.91,73
17313,Pro Golfer Saru,"Kids, Sports",Special,1,6.2,74
15905,Qin Shiming Yue Zhi: Wanli Changcheng,"Action, Fantasy, Historical, Martial Arts",TV,37,8.43,273
16526,Ranpou,"Comedy, Parody, School",TV,21,6.67,103
15069,Robin-kun to 100 nin no Otomodachi Season 2,Kids,TV,13,5.17,73
9061,RPG Densetsu Hepoi,"Adventure, Fantasy",TV,50,6.89,158
4940,Sabaku no Kaizoku! Captain Kuppa,"Action, Adventure",TV,26,7.16,212
8561,Saint Elmo: Hikari no Raihousha,Sci-Fi,Special,1,6.25,152
25915,Sakura Capusule,"Kids, Slice of Life",OVA,1,6.07,282
21483,Sanchoume no Yuuhi,"Comedy, Slice of Life",TV,27,7.33,72
10077,Sango no Umi to Ouji,Fantasy,OVA,1,6.16,132
23867,Saru Kani Gassen: Ijimekkozaru to Shoujiki Kani-san,"Comedy, Kids",OVA,1,5.25,49
8955,Senjutsu Choukoukaku Orion,"Action, Adventure, Comedy, Fantasy, Sci-Fi",Special,1,5.47,244
21489,Shin Dokonjou Gaeru: Dokonjou Yumemakura,"Comedy, Slice of Life",Movie,1,5.9,66
25065,Shin Dousei Jidai: Hawaiian Breeze,"Drama, Romance",OVA,1,6.5,79
25075,Shoukoushi Cedie Specials,"Drama, Shoujo, Slice of Life",Special,2,7.2,82
8832,Shounen Ashibe 2,"Comedy, Slice of Life",TV,25,5.63,125
7639,Shounen Santa no Daibouken!,"Adventure, Fantasy, Shounen",TV,24,6.12,114
10541,Shuukan Shimakou,Comedy,TV,11,5.32,251
19999,Sobakasu Pucchi,"Adventure, Comedy, Kids",TV,162,7.18,72
30082,Sonna Boku ga Suki,"Kids, Music",Music,1,4.06,68
21951,Sore Ike! Anpanman: Hiya Hiya Hiyariko to Bafu Bafu Baikinman,"Comedy, Fantasy, Kids",Movie,1,5.38,71
21291,Sore Ike! Anpanman: Minami no Umi wo Sukue!,"Comedy, Fantasy, Kids",Special,1,5.5,88
21969,Sore Ike! Anpanman: Yumeneko no Kuni no Nyanii,"Comedy, Fantasy, Kids",Movie,1,6.05,87
11497,Sore Ike! Zukkoke Sannin-gumi,"Comedy, Kids, School",TV,26,7.0,86
3885,Sugar Bunnies,Kids,TV,26,6.61,315
4553,Sukima no Kuni no Polta,Fantasy,TV,13,5.67,217
26035,Sweet Spot,Comedy,OVA,1,7.0,59
16754,Taegeugsonyeon Huin Dogsuli,"Action, Adventure, Shounen, Super Power",Movie,1,3.79,73
18567,Taiman Blues: Ladies-hen - Mayumi,Shounen,OVA,2,4.93,99
17487,Tantei Shounen Kageman,"Comedy, Mystery",TV,39,6.5,76
31299,Tao Hua Yuan Ji,"Fantasy, Historical",Movie,1,5.97,113
26311,Tasukeai no Rekishi: Inochi Hoken no Hajimari,"Drama, Historical, Kids",OVA,1,5.62,72
18907,Tensai Eri-chan Kingyo wo Tabeta,"Comedy, Kids, Slice of Life",Movie,1,4.5,60
23723,Teppen,"Action, Comedy",OVA,2,4.69,86
6730,Tonde Mon Pe,Kids,TV,42,6.94,120
21711,Torero Kamomiro,"Kids, Music",Music,1,3.46,103
21509,Trip Trek (2010),"Adventure, Comedy, Fantasy",ONA,8,5.0,73
6917,Tsuideni Tonchinkan,Comedy,TV,43,7.13,189
19311,Turuturutu Narongi,"Adventure, Kids",TV,52,6.25,67
10224,Uchuu Majin Daikengou,"Action, Adventure, Mecha, Sci-Fi, Shounen, Space",TV,26,6.6,229
16830,Uju Jeonsa Hong Gildong,"Action, Adventure, Kids, Sci-Fi, Space",Movie,1,4.58,63
4681,Ultra Nyan: Hoshizora kara Maiorita Fushigi Neko,"Comedy, Kids",Movie,1,6.3,277
20225,Umigame to Shounen,"Drama, Historical",Special,1,6.55,90
6522,Usahana: Yumemiru Ballerina,Kids,Special,7,5.76,125
13303,Usogui,"Game, Psychological, Seinen",OVA,1,5.64,867
25597,Vampiyan Kids Specials,"Comedy, Fantasy, Kids",Special,3,6.13,77
20145,Wagahai wa Neko de Aru,"Comedy, Historical, Slice of Life",Special,1,6.23,102
9228,Wan Wan Chuushingura,"Action, Adventure, Drama, Fantasy",Movie,1,6.12,200
21161,Wansa-kun OVA,"Comedy, Kids",OVA,1,6.57,62
29363,Watashi no Ashinaga Ojisan Specials,"Comedy, Romance, School, Shoujo, Slice of Life",Special,2,6.48,112
6156,Xi Yang Yang Yu Hui Tai Lang: Zhi Niu Qi Chong Tian,"Adventure, Comedy, Kids",Movie,1,5.16,152
30169,Yubikiri,Music,Music,1,4.54,75
30763,Yuuki no Omamori,"Drama, Kids",OVA,1,6.42,101
6272,Zakuro Yashiki,Historical,OVA,1,6.21,531
5821,Zenmai Zamurai,"Comedy, Kids",TV,30,6.44,152
30090,Zombie Ehon,Comedy,ONA,1,3.54,86
21829,Fella Pure: Mitarashi-san Chi no Jijou The Animation,Hentai,OVA,1,7.52,6648
5959,Mizugi Kanojo: The Animation,Hentai,OVA,4,7.42,8649
7053,Fault!!,Hentai,OVA,3,7.21,11055
32423,Pretty x Cation The Animation,Hentai,OVA,2,7.2,2636
5194,Aneimo,Hentai,OVA,2,7.09,7244
11321,Nee Summer!,Hentai,OVA,2,7.08,7929
6194,Stretta The Animation,Hentai,OVA,2,7.08,5625
2433,Lingeries,Hentai,OVA,3,7.02,4344
747,Haru wo Daite Ita,"Drama, Romance, Yaoi",OVA,2,6.99,15269
5784,Ai no Kusabi (2012),"Drama, Romance, Sci-Fi, Yaoi",OVA,4,6.97,17943
22347,Pandra The Animation: Shiroki Yokubou Kuro no Kibou,"Demons, Fantasy, Hentai, Supernatural",OVA,2,6.96,2889
10458,Ran-&gt;Sem: Hakudaku Delmo Tsuma no Miira Tori,Hentai,OVA,2,6.92,4192
4010,Alignment You! You! The Animation,"Demons, Hentai, School, Supernatural",OVA,2,6.89,6951
10827,Wizard Girl Ambitious,"Fantasy, Hentai",OVA,1,6.89,6007
4399,Honoo no Haramase Tenkousei,"Harem, Hentai, School, Yuri",OVA,3,6.88,4965
5644,"Sora no Iro, Mizu no Iro Ero Specials",Hentai,OVA,2,6.86,1771
8918,Princess Lover! OVA,Hentai,OVA,2,6.84,17437
21751,Okusama wa Moto Yariman,Hentai,OVA,2,6.83,3390
15867,Zettai Junshu☆Kyousei Kozukuri Kyokashou!!,Hentai,OVA,2,6.8,4538
3537,Cleavage,Hentai,OVA,2,6.74,6250
28313,Kanojo wa Dare to demo Sex Suru.,Hentai,OVA,2,6.72,3054
16644,Soushi Souai: Junai Mellow yori,Hentai,OVA,1,6.67,2060
1783,Imouto Jiru,Hentai,OVA,2,6.64,5952
1634,Ai Shimai: Futari no Kajitsu,Hentai,OVA,3,6.62,6387
20995,Himekishi Olivia,Hentai,OVA,2,6.61,2350
14661,Kindan no Byoutou The Animation,"Harem, Hentai",OVA,2,6.62,2150
1360,Makai Tenshi Djibril,Hentai,OVA,4,6.61,5641
2275,Saishuu Chikan Densha,Hentai,OVA,3,6.6,2445
2394,Ma ga Ochiru Yoru,Hentai,OVA,3,6.59,2684
5603,Shin Ringetsu,"Drama, Hentai, Supernatural",OVA,2,6.59,2295
10256,Shion Special,Hentai,Special,1,6.58,860
31401,Creamy Pie,Hentai,OVA,2,6.54,2481
4057,Inyouchuu Shoku,"Demons, Fantasy, Hentai",OVA,2,6.51,3056
2590,Genmukan,Hentai,OVA,2,6.5,3813
2883,Iyashite Agerun Saiyuuki,"Hentai, Parody",OVA,1,6.49,3165
6685,Mesu Kyoushi: Injoku no Kyoushitsu,Hentai,OVA,3,6.48,2005
7266,Binkan Athlete,Hentai,OVA,1,6.46,3537
31885,Majuu Jouka Shoujo Utea,Hentai,OVA,2,6.45,1542
7179,Makai Tenshi Djibril 3,"Fantasy, Harem, Hentai, School, Supernatural",OVA,2,6.44,2831
5321,Futari no Aniyome,Hentai,OVA,2,6.43,1958
1339,Cool Devices,Hentai,OVA,11,6.41,3966
1388,Yakin Byoutou Ni,Hentai,OVA,5,6.38,2741
25055,Furifure The Animation,Hentai,OVA,1,6.37,1832
1113,One: Kagayaku Kisetsu e - True Stories,Hentai,OVA,3,6.37,1934
12955,Cele Kano,Hentai,OVA,2,6.36,1947
27881,Ana no Oku no Ii Tokoro,Hentai,OVA,2,6.35,2104
2858,Ikusa Otome Valkyrie,Hentai,OVA,2,6.34,3755
3538,Dorei Kaigo,Hentai,OVA,3,6.32,1959
3074,Minerva no Kenshi,"Fantasy, Hentai",OVA,5,6.3,1278
16091,Mouryou no Nie,"Hentai, Horror, Supernatural",OVA,2,6.3,1838
6558,Choukou Sennin Haruka,"Hentai, Yuri",OVA,3,6.25,3539
18695,Toriko no Chigiri,Hentai,OVA,2,6.25,2016
6635,Ayatsuri Haramase DreamNote,Hentai,OVA,2,6.21,3670
26059,Samurai Hormone The Animation,Hentai,OVA,1,6.2,1433
3307,Moke Moke Taishou Dendo Musume Arisa,"Hentai, Mecha",OVA,2,6.18,3321
4011,Binetsukko ♭37℃ The Animation,"Harem, Hentai, School",OVA,2,6.14,1925
1405,Tokio Kidou Police,"Comedy, Hentai, Parody, Romance",OVA,2,6.14,1135
4562,Chikan Juunin-tai The Animation,Hentai,OVA,5,6.13,1270
3370,Natural: Another,"Hentai, Romance",OVA,2,6.12,1059
2440,Suki da yo!,Hentai,OVA,2,6.09,1201
13559,Lovely Day: Boku to Kanojo no Nana Nichikan,Hentai,OVA,1,6.04,2079
1512,Court no Naka no Tenshi-tachi,"Hentai, School, Sports",OVA,2,6.02,1771
1353,The Urotsuki,"Adventure, Demons, Fantasy, Hentai, Horror",OVA,3,6.01,1480
9325,Shin Seiki Cream Lemon,"Hentai, Yuri",OVA,2,6.0,543
4541,Vicious,Hentai,OVA,2,6.0,1073
2412,Cambrian,Hentai,OVA,2,5.99,2487
4488,Keraku-No-OH King of Pleasure,Hentai,OVA,3,5.98,882
5408,Princess Holiday: Korogaru Ringo Tei Senya Ichiya,"Fantasy, Hentai",OVA,2,5.97,767
2185,Words Worth Gaiden,"Action, Adventure, Fantasy, Hentai",OVA,2,5.97,2402
692,Dousou Kai,"Harem, Hentai, Romance",OVA,4,5.96,1047
22081,Cosplay Rakuen,Hentai,OVA,1,5.96,1670
5556,Moonlight Sonata,Hentai,OVA,1,5.95,288
19635,Hontou ni Atta,Hentai,OVA,2,5.92,1361
9326,Yubisaki Annainin Shirudaku Settai Okawari Sanhaime,Hentai,OVA,3,5.9,1363
5674,Ashita no Yukinojou,"Hentai, Romance, School, Sports",OVA,4,5.87,1547
2345,Choujin Densetsu Urotsukidouji 5: Kanketsu-hen,"Demons, Fantasy, Hentai, Horror",OVA,1,5.83,1082
5645,Castle Fantasia: Seima Taisen,Hentai,OVA,3,5.77,1220
30658,Gakuen no Ikenie: Nagusami Mono to Kashita Kyonyuu Furyou Shoujo,Hentai,OVA,1,5.76,1539
4840,M.E.M.: Yogosareta Junketsu,Hentai,OVA,2,5.75,927
4492,Seisen Gakuin,Hentai,OVA,1,5.72,1628
2443,Kara no Naka no Kotori,Hentai,OVA,5,5.67,663
10424,Ona x2,Hentai,OVA,1,5.65,946
3211,Otenki Oneesan,"Comedy, Hentai, Yuri",OVA,2,5.63,1040
3633,Angel,"Comedy, Hentai, School",OVA,1,5.61,1005
4557,Handle With Care..,Hentai,OVA,1,5.56,415
4841,Doukyuusei (OVA): Climax,Hentai,OVA,2,5.54,562
3648,Shownoid Mako-chan,Hentai,OVA,2,5.53,966
5646,Deep Voice,Hentai,OVA,3,5.51,844
2936,Private Emotion,Hentai,OVA,2,5.51,747
5605,Concerto,Hentai,OVA,2,5.48,709
3160,Houkago Mania Club: Koi no Hoshii no,"Hentai, Yuri",OVA,2,5.46,1710
3981,Shokuzai no Kyoushitsu,Hentai,OVA,2,5.42,1483
9851,O-parts: Oman,"Action, Comedy, Hentai, Mecha",Special,1,5.31,488
11825,Enshou Nihon Mukashibanashi,"Comedy, Hentai, Historical",OVA,1,5.2,238
3635,Advancer Tina,"Hentai, Sci-Fi, Space",OVA,1,5.16,1487
5402,Maid Meshimase,Hentai,OVA,1,4.94,525
18483,Bishoujo Animerama: Manami no Michi Tono Sou Nyuu!?,"Hentai, Sci-Fi",OVA,1,3.25,214
14207,Lovely Series,Hentai,OVA,2,4.11,174
18197,Nudl Nude,"Comedy, Hentai, Parody",OVA,1,4.14,186
10368,Teleclub no Himitsu,Hentai,OVA,2,4.67,148
26081,Yasuji no Pornorama: Yacchimae!!,Hentai,Movie,1,5.46,142
